Date,total_revenue,total_quantity,transaction_count,revenue_ma4,revenue_ma8,revenue_lag1,revenue_lag4
2010-01-25,125741.051,128825.0,264.0,107737.61275,139306.80762500002,117887.95999999999,20182.260000000002
2010-02-01,141459.152,78754.0,334.0,139748.62825,123841.701625,125741.051,13415.09
2010-02-08,108708.801,60817.0,263.0,123449.24100000001,109161.37675,141459.152,173906.35
2010-02-15,109361.831,137296.0,248.0,121317.70875000002,101332.811875,108708.801,117887.95999999999
2010-02-22,144524.431,90421.0,283.0,126013.55375,116875.58325,109361.831,125741.051
2010-03-01,149290.832,95934.0,311.0,127971.47375,133860.051,144524.431,141459.152
2010-03-08,154485.66999999998,91793.0,363.0,139415.691,131432.466,149290.832,108708.801
2010-03-15,112716.201,72495.0,263.0,140254.28350000002,130785.996125,154485.66999999998,109361.831
2010-03-22,165417.25,148488.0,327.0,145477.48825,135745.521,112716.201,144524.431
2010-03-29,182309.9,137406.0,379.0,153732.25525,140851.8645,165417.25,149290.832
2010-04-05,86762.24,47625.0,209.0,136801.39775,138108.544375,182309.9,154485.66999999998
2010-04-12,150227.231,93964.0,314.0,146179.15525,143216.719375,86762.24,112716.201
2010-04-19,140187.95,83701.0,309.0,139871.83025,142674.65925,150227.231,165417.25
2010-04-26,144095.61,81399.0,370.0,130318.25774999999,142025.2565,140187.95,182309.9
2010-05-03,141166.721,80924.0,302.0,143919.378,140360.38787500001,144095.61,86762.24
2010-05-10,175599.26,105130.0,385.0,150262.38525,148220.77025,141166.721,150227.231
2010-05-17,152467.87,103204.0,320.0,153332.36525,146602.09775,175599.26,140187.95
2010-05-24,148927.0,101996.0,343.0,154540.21275,142429.23525,152467.87,144095.61
2010-05-31,108497.08,68334.0,289.0,146372.8025,145146.09025,148927.0,141166.721
2010-06-07,135881.16999999998,85209.0,341.0,136443.27999999997,143352.83262499998,108497.08,175599.26
2010-06-14,176033.97,106566.0,393.0,142334.805,147833.585125,135881.16999999998,152467.87
2010-06-21,123786.23,75127.0,308.0,136049.6125,145294.912625,176033.97,148927.0
2010-06-28,136941.41,82415.0,312.0,143160.695,144766.74875,123786.23,108497.08
2010-07-05,150624.36,86828.0,370.0,146846.4925,141644.88624999998,136941.41,135881.16999999998
2010-07-12,121912.72,63851.0,277.0,133316.18,137825.4925,150624.36,176033.97
2010-07-19,157005.97,90091.0,336.0,141621.115,138835.36375,121912.72,123786.23
2010-07-26,125237.29,75998.0,305.0,138695.085,140927.88999999998,157005.97,136941.41
2010-08-02,155446.29,69883.0,325.0,139900.5675,143373.53,125237.29,150624.36
2010-08-09,123078.8,160786.0,276.0,140192.08750000002,136754.13375,155446.29,121912.72
2010-08-16,122776.22,82873.0,279.0,131634.65,136627.8825,123078.8,157005.97
2010-08-23,161171.52000000002,107933.0,326.0,140618.20750000002,139656.64625,122776.22,125237.29
2010-08-30,115624.2,68448.0,269.0,130662.68500000001,135281.62625,161171.52000000002,155446.29
2010-09-06,147337.34,96746.0,316.0,136727.32,138459.70375000002,115624.2,123078.8
2010-09-13,128508.31,84351.0,317.0,138160.3425,134897.49625000003,147337.34,122776.22
2010-09-20,161450.72100000002,96088.0,366.0,138230.14275,139424.175125,128508.31,161171.52000000002
2010-09-27,300195.32,235661.0,459.0,184372.92275,157517.803875,161450.72100000002,115624.2
2010-10-04,222176.97999999998,129740.0,500.0,203082.83275,169905.076375,300195.32,147337.34
2010-10-11,248013.78,159865.0,504.0,232959.20025,185559.771375,222176.97999999998,128508.31
2010-10-18,295242.58,162955.0,543.0,266407.16500000004,202318.65387500002,248013.78,161450.72100000002
2010-10-25,212236.29,116224.0,493.0,244417.4075,214395.165125,295242.58,300195.32
2010-11-01,190506.63,105318.0,430.0,236499.82,219791.326375,212236.29,222176.97999999998
2010-11-08,274171.611,161925.0,520.0,243039.27774999998,237999.239,190506.63,248013.78
2010-11-15,293367.75,157651.0,642.0,242570.57025,254488.867625,274171.611,295242.58
2010-11-22,250370.901,142833.0,600.0,252104.223,248260.81524999999,293367.75,212236.29
2010-11-29,278013.29000000004,153684.0,657.0,273980.888,255240.354,250370.901,190506.63
2010-12-06,229443.53,123995.0,612.0,262798.86775000003,252919.07275,278013.29000000004,274171.611
2010-12-13,209188.13999999998,100053.0,459.0,241753.96525,242162.26775,229443.53,293367.75
2010-12-20,155136.84,94294.0,387.0,217945.44999999998,235024.8365,209188.13999999998,250370.901
2010-12-27,26460.45,17356.0,58.0,155057.24000000002,214519.06399999998,155136.84,278013.29000000004
2011-01-03,0.0,0.0,0.0,97696.3575,180247.612625,26460.45,229443.53
2011-01-10,129967.63,79480.0,258.0,77891.23,159822.59762500002,0.0,209188.13999999998
2011-01-17,155541.07,76140.0,245.0,77992.2875,147968.86875000002,129967.63,155136.84
2011-01-24,176527.05,132126.0,204.0,115508.9375,135283.08875,155541.07,26460.45
2011-01-31,106065.56,60727.0,280.0,142025.32749999998,119860.8425,176527.05,0.0
2011-02-07,110532.35,61187.0,253.0,137166.5075,107528.86875,106065.56,129967.63
2011-02-14,87444.36,51212.0,195.0,120142.32999999999,99067.30875,110532.35,155541.07
2011-02-21,135425.14,84762.0,264.0,109866.8525,112687.89499999999,87444.36,176527.05
2011-02-28,112683.07,67866.0,285.0,111521.23,126773.27875,135425.14,106065.56
2011-03-07,122607.98999999999,68337.0,274.0,114540.13999999998,125853.32375,112683.07,110532.35
2011-03-14,117812.41,69201.0,259.0,122132.1525,121137.24125,122607.98999999999,87444.36
2011-03-21,127823.59,75916.0,304.0,120231.76499999998,115049.30875000001,117812.41,135425.14
2011-03-28,133502.29,74960.0,309.0,125436.56999999998,118478.90000000001,127823.59,112683.07
2011-04-04,152693.91999999998,95954.0,316.0,132958.0525,123749.09625,133502.29,122607.98999999999
2011-04-11,110879.42,64251.0,300.0,131224.80499999996,126678.47875000001,152693.91999999998,117812.41
2011-04-18,158422.491,97279.0,347.0,138874.53024999998,129553.14762499998,110879.42,127823.59
2011-04-25,72298.03,47828.0,186.0,123573.46524999998,124505.017625,158422.491,133502.29
2011-05-02,73374.06,49036.0,193.0,103743.50024999998,118350.776375,72298.03,152693.91999999998
2011-05-09,152702.28,85266.0,406.0,114199.21524999998,122712.010125,73374.06,110879.42
2011-05-16,192672.86,105061.0,388.0,122761.80749999998,130818.168875,152702.28,158422.491
2011-05-23,191329.77,106099.0,429.0,152519.7425,138046.603875,192672.86,72298.03
2011-05-30,115544.08,62053.0,263.0,163062.24749999997,133402.873875,191329.77,73374.06
2011-06-06,118309.4,63599.0,294.0,154464.02749999997,134331.621375,115544.08,152702.28
2011-06-13,197131.75,93561.0,369.0,155578.75,139170.27875,118309.4,192672.86
2011-06-20,178116.77,103301.0,348.0,152275.49999999997,152397.62125,197131.75,191329.77
2011-06-27,99871.43,64337.0,280.0,148357.3375,155709.79249999998,178116.77,115544.08
2011-07-04,133810.44,71364.0,257.0,152232.59749999997,153348.3125,99871.43,118309.4
2011-07-11,120289.98000000001,81528.0,321.0,133022.15499999997,144300.4525,133810.44,197131.75
2011-07-18,120071.53,73706.0,303.0,118510.84499999997,135393.17250000002,120289.98000000001,178116.77
2011-07-25,164959.36,103439.0,332.0,134782.82749999998,141570.0825,120071.53,99871.43
2011-08-01,164359.611,97363.0,310.0,142420.12024999998,147326.358875,164959.36,133810.44
2011-08-08,155908.86000000002,100206.0,301.0,151324.84024999998,142173.49762500002,164359.611,120289.98000000001
2011-08-15,141036.59,88985.0,266.0,156566.10524999996,137538.475125,155908.86000000002,120071.53
2011-08-22,180015.71,103536.0,324.0,160330.19275,147556.510125,141036.59,164959.36
2011-08-29,117978.70000000001,77641.0,285.0,148734.965,145577.542625,180015.71,164359.611
2011-09-05,149265.88,92103.0,321.0,147074.22,149199.53012500002,117978.70000000001,155908.86000000002
2011-09-12,158549.91,97379.0,379.0,151452.55,154009.327625,149265.88,141036.59
2011-09-19,227529.72999999998,128374.0,349.0,163331.055,161830.623875,158549.91,180015.71
2011-09-26,291768.80199999997,149411.0,443.0,206778.58049999998,177756.77274999997,227529.72999999998,117978.70000000001
2011-10-03,226531.99,125009.0,427.0,226095.10799999995,186584.664,291768.80199999997,149265.88
2011-10-10,277033.97,165272.0,497.0,255716.12299999996,203584.33649999998,226531.99,158549.91
2011-10-17,207614.8,116491.0,424.0,250737.39049999998,207034.22275,277033.97,227529.72999999998
2011-10-24,246804.81,140708.0,417.0,239496.39249999996,223137.4865,207614.8,291768.80199999997
2011-10-31,230565.82,136197.0,492.0,240504.84999999998,233299.979,246804.81,226531.99
2011-11-07,254969.88,149416.0,537.0,234988.82749999998,245352.47525,230565.82,277033.97
2011-11-14,293172.82,171629.0,622.0,256378.33250000002,253557.8615,254969.88,207614.8
2011-11-21,262823.77,149193.0,661.0,260383.0725,249939.7325,293172.82,246804.81
2011-11-28,254664.78,145076.0,612.0,266407.8125,253456.33125000002,262823.77,230565.82
2011-12-05,257281.91999999998,150311.0,635.0,266985.8225,250987.325,254664.78,254969.88
2011-12-12,349963.88,186776.0,368.0,281183.5875,268780.96,257281.91999999998,293172.82
