ds,yhat,yhat_lower,yhat_upper,trend,weekly,monthly
2009-12-01,25100.01147333909,8729.326389309621,41314.75031550412,19624.715397487198,0.30930803575674315,-0.03030801130018635
2009-12-02,24668.61546646987,9606.750859494596,40227.6445689245,19631.06867006183,0.20916443196581241,0.04744649844626931
2009-12-03,30015.659817322736,14237.118979532028,46343.55950720309,19637.421942636458,0.4753716890009784,0.053121201002734965
2009-12-04,22812.311645534297,7193.739122840663,38271.26813223011,19643.77521521109,0.1364322456078852,0.02486752470661404
2009-12-05,727.0786694040678,-15168.369155537755,16987.470278423756,19650.128487785718,-0.9938950904091477,0.030896307467652484
2009-12-06,15787.051563908863,718.8951158685179,32042.859685412615,19656.48176036035,-0.29382093006407317,0.09696829673806985
2009-12-07,26241.473003531246,10434.915948264124,41738.33726214514,19662.83503293498,0.15743961814518415,0.17713258162037032
2009-12-08,29614.977149402246,14033.715039401277,45171.45431477935,19669.18830550961,0.30930803575738425,0.19634520673593614
2009-12-09,26228.720821090134,9740.330612479169,41134.867842632215,19675.54157808424,0.20916443196632795,0.12389777203954297
2009-12-10,29173.430815110172,13841.871227404941,44921.82418660051,19681.89485065887,0.47537168899952476,0.006875372905369229
2009-12-11,21021.105175272645,6402.387733545063,36141.349399908286,19688.2481232335,0.13643224560733552,-0.06873414247004916
2009-12-12,-917.1710992764504,-15744.385079953536,15062.52879934708,19694.60139580813,-0.993895090409141,-0.0526745801743754
2009-12-13,14482.88143747524,-1564.9825372890352,29563.152366480357,19700.95466838276,-0.293820930063469,0.028956951706024706
2009-12-14,24841.544785652593,8240.291192431283,39994.637342327434,19707.30794095739,0.15743961814488766,0.10308489692724948
2009-12-15,28137.27676474261,11836.321190719207,43967.120394993704,19713.66121353202,0.30930803575748544,0.11799034681938368
2009-12-16,25508.030955399026,9893.323120794912,41301.51071408006,19720.01448610665,0.20916443196619794,0.08434531537045895
2009-12-17,30136.15865572005,14855.181557579395,45454.14057433715,19726.36775868128,0.4753716889992089,0.05233777198139025
2009-12-18,23457.74352045321,6784.3801710128055,38880.455282832474,19732.72103125591,0.13643224560678585,0.05234164337167775
2009-12-19,1336.0806349648078,-14374.783009712488,18269.429706200306,19739.074303830545,-0.9938950904091346,0.0615821873012887
2009-12-20,14558.65294193969,-2204.581072395529,29015.94293717875,19745.42757640517,-0.2938209300628647,0.031138614656161377
2009-12-21,21775.4810274208,6172.516085899785,38480.549927065076,19751.780848979804,0.1574396181453157,-0.0549830247923411
2009-12-22,22880.989987873792,6983.504028693126,38974.86329939347,19758.13412155443,0.309308035757039,-0.15125384667687725
2009-12-23,20221.16031697434,5753.936074563263,35542.16067772901,19764.487394129064,0.20916443196547863,-0.18605870128101237
2009-12-24,26593.82281389893,11225.458468654117,43294.42228676266,19770.84066670369,0.47537168899898224,-0.13026839965398723
2009-12-25,15861.457352732716,-333.85201396290876,32820.23030512541,19777.193939278324,0.13643224560542075,-0.03191612167196214
2009-12-26,-5982.518036131286,-20812.59513116206,9993.660326449934,19783.547352682162,-0.9938950904087723,0.020698009171930057
2009-12-27,13519.765528037593,-1703.3856439753745,29278.878185475907,19789.900766086004,-0.293820930064061,-0.023014172454166586
2009-12-28,1467.9169733749793,-13104.607177714859,16684.50050949734,19796.254179489842,0.15743961814501925,-0.12870670912257373
2009-12-29,21850.20014551493,6638.456699727203,37632.70731594157,19802.60759289368,0.3093080357565927,-0.2059078879217164
2009-12-30,20236.528812608747,5198.742410626831,35224.274326177685,19808.961006297523,0.20916443196475926,-0.18757986697039647
2009-12-31,27502.35500516441,10835.238464846127,42455.6250125645,19815.314419701364,0.4753716889998044,-0.08743736594812426
2010-01-01,16148.773780892658,202.4393809163976,31694.360568397984,19821.667833105203,0.1364322456077114,0.01709008169447951
2010-01-02,1279.9628341800062,-12750.538010513998,17467.238614089863,19828.021246509044,-0.9938950904090974,0.05844832132745539
2010-01-03,14775.761498892343,-533.3729745274744,30448.412112193833,19834.374659912886,-0.2938209300652572,0.03877819502786439
2010-01-04,23367.031360455796,8394.973989617974,39229.74991241919,19840.728073316724,0.15743961814544713,0.02029092047735187
2010-01-05,27133.085533434394,10641.102257080098,42317.7562606342,19847.081486720563,0.30930803575723376,0.05779903999034175
2010-01-06,26789.24650396113,11099.32449487854,42718.47930684689,19853.434900124405,0.20916443196462925,0.1401862793217721
2010-01-07,33233.91921629116,17185.584316845205,49322.76904899021,19859.788313528243,0.4753716889995777,0.1980559775809681
2010-01-08,25960.4669600412,9524.054114112276,41923.274468077216,19866.141726932085,0.1364322456063462,0.1703371974429389
2010-01-09,1425.4482451719573,-15005.205645506649,17076.978062454193,19872.495140335923,-0.9938950904094224,0.06562479697649937
2010-01-10,13225.30846022313,-3684.2715255419357,29199.83367176554,19878.848553739765,-0.293820930064653,-0.040883571331878824
2010-01-11,21577.96196357527,5878.915834303434,37711.74074823897,19885.201967143606,0.15743961814442636,-0.07231299990697411
2010-01-12,25729.486346853442,10965.388549655667,42660.57567567248,19891.555380547445,0.30930803575624755,-0.01582012821860518
2010-01-13,25481.749317365357,10947.570144778132,41086.280103551864,19897.908793951286,0.20916443196514473,0.0714600588412201
2010-01-14,31730.427434715377,14574.87936197828,46998.57050746366,19904.262207355125,0.475371688999351,0.11878071434821866
2010-01-15,24704.953616561976,10345.549390996588,41122.673671533434,19910.615620758963,0.13643224560579661,0.10436081107922111
2010-01-16,1418.3854914866358,-13186.13306871987,16294.69294205764,19916.969034162805,-0.993895090409416,0.06511001719138446
2010-01-17,15036.509563371203,-817.8493286685699,30625.687783168254,19923.322447566647,-0.2938209300656313,0.04853990843601351
2010-01-18,24241.98273608976,7744.140448972016,40649.29296037331,19929.677039485017,0.15743961814485433,0.0589364770653758
2010-01-19,27173.413834874704,11359.010904261873,44643.739371500546,19936.03163140339,0.3093080357568886,0.053722197003724194
2010-01-20,23984.503250778827,8148.935838908053,38555.157387728315,19942.386223321762,0.20916443196624968,-0.006474694530015299
2010-01-21,27306.978417502585,9826.335089957016,43280.63644278142,19948.740815240137,0.47537168899912435,-0.10651444279935349
2010-01-22,19087.971151203754,4291.137392128264,35618.753561201855,19955.095407158507,0.13643224560645612,-0.17988602211126245
2010-01-23,-3235.8935325701036,-19168.248227711894,12305.866823668337,19961.44999907688,-0.9938950904093853,-0.1682120477353761
2010-01-24,12484.261658632742,-2699.8042528570963,27983.94834125922,19967.804590995253,-0.29382093006524507,-0.0809595270580841
2010-01-25,23219.428455000158,8175.962053938128,38841.94032630576,19974.159182913623,0.15743961814528218,0.005033767711310783
2010-01-26,26376.02096162369,10173.043129385742,41949.187536933845,19980.513774831998,0.3093080357564423,0.010779188169082951
2010-01-27,22702.447587189432,6490.799266092912,37835.73186749476,19986.86836675037,0.20916443196488466,-0.07329626239427672
2010-01-28,25967.090176155176,10244.083996614594,41790.86382494509,19993.222958668743,0.47537168899994653,-0.17657708095521088
2010-01-29,18529.77878361366,3806.4316880424117,34117.19200304186,19999.577550587113,0.13643224560590653,-0.2099237362764335
2010-01-30,-2751.859885370759,-19001.153497469506,12043.806573546297,20005.932142505488,-0.9938950904086915,-0.14365710489862119
2010-01-31,13525.725420911302,-1401.0242011470202,28828.02353223087,20012.286734423855,-0.2938209300644229,-0.03030801130012309
2010-02-01,24120.183007144456,9329.994962702283,40052.02552916967,20018.64132634223,0.15743961814571011,0.047446498446282126
2010-02-02,27282.639905043885,12027.882330706634,42551.633559061556,20024.9959182606,0.30930803575763066,0.05312120100266794
2010-02-03,24719.32666485815,9250.678190647383,40275.19596308914,20031.350510178974,0.2091644319654003,0.02486752470656585
2010-02-04,30182.15391791795,14718.273289946113,45205.26038349215,20037.705102097345,0.4753716889985819,0.030896307467679393
2010-02-05,24722.354097361756,8417.062073881214,40392.65989048977,20044.05969401572,0.1364322456053569,0.09696829673800733
2010-02-06,3673.987611496188,-10784.236426246289,19270.326508098682,20050.41428593409,-0.9938950904093482,0.1771325816203697
2010-02-07,18101.720823833388,1869.3614998061205,33249.22796808295,20056.76887785246,-0.29382093006540116,0.19634520673601083
2010-02-08,25707.630265700685,10477.772813663756,42413.51196344672,20063.123469770835,0.15743961814468937,0.12389777203956802
2010-02-09,26415.11404531135,10205.803805007436,41836.45891774148,20069.478061689206,0.30930803575718435,0.006875372905315216
2010-02-10,22895.087644998905,7515.5475323342225,37766.32082382227,20075.832653607577,0.20916443196468099,-0.0687341424700772
2010-02-11,28572.28239798827,13620.474145499846,43904.732877944036,20083.180193979773,0.4753716889994931,-0.052674580174406335
2010-02-12,23413.283989889398,7604.900026002049,39352.01244751662,20090.52773435197,0.1364322456048073,0.028956951706121635
2010-02-13,2194.483112680056,-14394.221171537494,17439.54994444857,20097.875274724167,-0.9938950904086543,0.10308489692715325
2010-02-14,16570.109761235915,1189.3336778753742,32514.748206419135,20105.222815096364,-0.2938209300647969,0.11799034681923123
2010-02-15,24975.486841707814,8561.041238534539,41953.78489297134,20112.570355468557,0.15743961814584173,0.08434531537047739
2010-02-16,27396.201854896808,11337.057856222586,43360.04212709868,20119.917895840754,0.30930803575619825,0.05233777198142814
2010-02-17,25390.66762772656,10294.207884727388,41754.87785036901,20127.26543621295,0.20916443196643142,0.052341643371736725
2010-02-18,30945.971462196463,14313.827490951133,44475.433121854025,20134.612976585147,0.47537168900031523,0.06158218730135559
2010-02-19,23517.16616813747,8173.983461120823,38421.04554722827,20141.960516957344,0.1364322456054668,0.03113861465605397
2010-02-20,-984.8602004519784,-15335.223748196504,14688.908941810232,20149.308057329537,-0.9938950904089795,-0.05498302479228787
2010-02-21,11185.436607716923,-3920.403443856879,26153.69840359779,20156.655597701734,-0.2938209300639748,-0.1512538466766523
2010-02-22,19586.927855919737,3576.180901710852,36056.83234935586,20164.00313807393,0.15743961814554522,-0.18605870128110344
2010-02-23,23782.821963606693,8769.917776961032,39274.4835280279,20171.350678446128,0.3093080357562993,-0.13026839965401465
2010-02-24,23755.338382018515,7931.788409984167,40237.56511720801,20178.698218818325,0.2091644319650664,-0.03191612167195382
2010-02-25,30199.731386238735,14061.04311023779,44969.255818505844,20186.045759190518,0.4753716890000885,0.020698009171931125
2010-02-26,22483.68905798954,6332.2999557848925,37546.97882755066,20193.393299562715,0.1364322456057327,-0.02301417245423204
2010-02-27,-2476.647178855171,-17387.651506681883,14011.034694734939,20200.740839934915,-0.9938950904093046,-0.12870670912267496
2010-02-28,10109.52426027265,-5463.418044506854,24999.14319782487,20208.08838030711,-0.2938209300635885,-0.20590788792176645
2010-03-01,19606.137651907295,3863.2700881001592,36301.46884698739,20215.435920679305,0.15743961814452445,-0.1875798669703601
2010-03-02,24709.625972953145,9785.69317845936,40393.239044070455,20222.7834610515,0.3093080357569403,-0.08743736594814872
2010-03-03,24807.28945242972,9316.29952367371,39692.9465322771,20230.1310014237,0.209164431965582,0.01709008169445818
2010-03-04,31040.649546000157,14852.826253733727,45990.68276486252,20237.478541795896,0.47537168900099985,0.05844832132749903
2010-03-05,23791.930980592428,8268.60372618529,39114.29866031859,20244.82608216809,0.1364322456063923,0.038778195028050993
2010-03-06,534.5810627920844,-15026.865470065159,16350.817178676654,20252.481600535466,-0.9938950904089423,0.02029092047738934
2010-03-07,15478.301262935967,-252.98221453905285,31797.567491026057,20260.137118902843,-0.2938209300645668,0.05779903999031893
2010-03-08,26300.012610608897,10705.249234381701,42480.67582953052,20267.79263727022,0.15743961814495241,0.14018627932185376
2010-03-09,30562.480904099582,14969.037468469589,46361.469164679875,20275.448155637598,0.309308035756494,0.19805597758106924
2010-03-10,27980.574567763575,11840.850059415934,42900.08175785589,20283.103674004975,0.20916443196609752,0.1703371974430029
2010-03-11,31267.988613236572,14606.457956577508,47333.73646316025,20290.759192372352,0.4753716889996352,0.06562479697663873
2010-03-12,22237.901326273208,6467.5380568451865,37294.34915380124,20298.41471073973,0.13643224560868306,-0.04088357133180413
2010-03-13,-1344.4261316888237,-17209.938719774225,15531.67957900108,20306.07022910711,-0.9938950904089359,-0.07231299990691935
2010-03-14,14023.762209365563,-2741.8004148608884,29277.033900918246,20313.725747474484,-0.2938209300639626,-0.015820128218559777
2010-03-15,24972.938873498475,10249.261245018592,40730.3714503489,20321.381265841865,0.15743961814465607,0.07146005884114966
2010-03-16,29031.668732012222,12963.883949793713,43847.98391385012,20329.03678420924,0.309308035757135,0.11878071434846912
2010-03-17,26712.758699478345,10782.072709026075,41937.48033348522,20336.69230257662,0.2091644319659675,0.10436081107927898
2010-03-18,31340.095642567176,15036.454497349654,46189.53316484908,20344.347820943996,0.47537168900045734,0.06511001719133967
2010-03-19,24116.55723608292,8880.410857369336,39322.49939920089,20352.003339311374,0.13643224560731781,0.04853990843611425
2010-03-20,1324.2204439526784,-13565.697504433854,17709.92751647078,20359.65885767875,-0.9938950904092609,0.05893647706556246
2010-03-21,15477.147998529323,403.4971081092489,30876.765963536658,20367.314376046128,-0.29382093006335835,0.05372219700368221
2010-03-22,23450.875668181714,7078.985381148727,38424.45548508883,20374.969894413505,0.1574396181450841,-0.006474694530076958
2010-03-23,24516.09125412952,10076.744554359115,40322.12688914604,20382.625412780882,0.30930803575614885,-0.10651444279943598
2010-03-24,20987.27593328749,6347.917643516681,36572.189534503304,20390.28093114826,0.20916443196524825,-0.17988602211130372
2010-03-25,26663.359291893543,10211.86055097415,41441.95110292081,20397.936449515637,0.4753716890002307,-0.16821204773530857
2010-03-26,21537.545627916672,6258.386800126443,38532.09109563785,20405.591967883014,0.13643224560595263,-0.08095952705824884
2010-03-27,227.3765764360108,-15422.80823538123,15603.460086077795,20413.24748625039,-0.9938950904092543,0.005033767711293768
2010-03-28,14640.935047110715,-964.6481603684394,31955.026233348482,20420.903004617772,-0.29382093006455456,0.010779188169005957
2010-03-29,22147.48599025288,6811.587688986621,38779.669764196056,20428.558522985146,0.15743961814478757,-0.0732962623943714
2010-03-30,23149.090784261785,7359.983614109461,39182.199833816805,20436.530569007493,0.3093080357567898,-0.17657708095529553
2010-03-31,20428.979016063917,4382.324803863819,35723.57133986493,20444.502615029844,0.20916443196576373,-0.20992373627647432
2010-04-01,27236.85878708658,11732.848389632525,43765.724708805355,20452.47466105219,0.4753716889999149,-0.1436571048985618
2010-04-02,5945.167535285742,-10493.389736871097,21079.558956695782,20460.446707074538,0.13643224560824327,-0.03030801130007041
2010-04-03,1096.1126445206166,-12894.535462046848,16888.584538412964,20468.418753096885,-0.9938950904092236,0.04744649844628924
2010-04-04,15547.729081621888,-697.8328781301142,31313.281679315285,20476.39079911923,-0.29382093006373244,0.05312120100262539
2010-04-05,24218.808508577407,8337.94432654537,38948.846606114814,20484.36284514158,0.15743961814521554,0.024867524706511088
2010-04-06,27463.916223963173,11796.627141480589,42933.2478517838,20492.33489116393,0.3093080357574309,0.030896307467767434
2010-04-07,26776.121839116604,9004.107990583192,42709.35987689699,20500.306937186273,0.2091644319650443,0.09696829673797794
2010-04-08,33890.01860281578,17906.960647596676,49046.46863644743,20508.27898320862,0.47537168899959914,0.17713258162026155
2010-04-09,27343.59677836593,11040.512279672588,43706.21425427336,20516.25102923097,0.13643224560687814,0.19634520673602546
2010-04-10,2668.2040381629713,-13841.254364687587,16821.86912832858,20524.223075253318,-0.9938950904092172,0.12389777203959307
2010-04-11,14640.572952528271,-687.7061038796102,31149.5752618257,20532.195121275665,-0.2938209300631282,0.0068753729053143
2010-04-12,22362.19246631452,5816.741540967313,38348.41032698662,20540.167167298016,0.1574396181449191,-0.06873414247004966
2010-04-13,25821.479185416436,10110.816067343767,41023.04911743545,20548.139213320363,0.3093080357564446,-0.05267458017436316
2010-04-14,25450.960915338048,10673.0366626421,41927.576673676864,20556.111259342706,0.20916443196614926,0.028956951706097807
2010-04-15,32459.51272689591,16431.45405388522,48011.167749986445,20564.083305365057,0.47537168899937243,0.10308489692718843
2010-04-16,25806.051005408193,9628.276550602526,42276.93309580365,20572.055351387404,0.13643224560632855,0.11799034681916781
2010-04-17,1861.468107806292,-13176.852134979123,16739.18635289834,20580.02739740975,-0.9938950904092106,0.08434531537055265
2010-04-18,15616.344319185157,-155.51903469765878,30691.26352254623,20587.999443432098,-0.2938209300661249,0.05233777198138047
2010-04-19,24916.620370663655,8901.377278321046,40431.803655762604,20595.971489454445,0.1574396181446227,0.052341643371566056
2010-04-20,28245.7447492371,12060.676680824507,42669.466621416825,20603.943535476792,0.3093080357570856,0.06158218730153963
2010-04-21,25565.02169243842,9279.200350732108,41843.72211448439,20611.915581499143,0.20916443196542994,0.03113861465606354
2010-04-22,29288.25464334932,13468.17782317051,45310.38298433343,20619.887627521486,0.4753716889991458,-0.054983024792357754
2010-04-23,20322.507077231963,4229.820951582739,35448.84221338115,20628.250781117942,0.13643224560496334,-0.15125384667672465
2010-04-24,-3713.63692519984,-18773.712385021332,11954.017368692263,20636.6139347144,-0.9938950904091801,-0.18605870128107643
2010-04-25,11889.662592851295,-2180.375335176737,26687.86480184523,20644.977088310858,-0.29382093006573873,-0.1302683996539248
2010-04-26,23245.819722922195,7809.739094317566,39313.59808552581,20653.340241907314,0.15743961814505064,-0.031916121671849054
2010-04-27,27480.19041453989,12253.501688406086,44600.1739372088,20661.703395503773,0.30930803575663934,0.02069800917186837
2010-04-28,24517.80480135826,8856.042195904702,39825.062377399685,20670.06654910023,0.20916443196653478,-0.023014172453919714
2010-04-29,27846.917119479524,12485.954111574207,44614.84822293426,20678.429702696685,0.4753716889999679,-0.12870670912250692
2010-04-30,19249.564635155355,4069.4680942522505,36144.32359765352,20686.79285629314,0.13643224560643838,-0.2059078879218961
2010-05-01,-3755.652554856833,-20066.42516595117,11217.133907857668,20695.1560098896,-0.9938950904091735,-0.18757986697032736
2010-05-02,12810.130725742894,-2651.6231534779245,28922.57122615177,20703.519163486057,-0.29382093006491644,-0.08743736594808235
2010-05-03,8159.67469468187,-7101.912534782011,24963.33585780182,20711.882317082513,0.1574396181454785,0.017090081694537677
2010-05-04,28340.247462879175,12211.183657271802,43434.59347702045,20720.245470678972,0.3093080357572804,0.05844832132754268
2010-05-05,25868.114300488793,10548.966096463348,41359.821081001,20728.608624275428,0.20916443196516987,0.03877819502786694
2010-05-06,31015.51332191947,14384.428754311357,47058.73152426806,20736.971777871888,0.47537168899860327,0.020290920477272933
2010-05-07,24774.72800533159,8018.2056853600525,40833.370183308034,20745.334931468344,0.13643224560588882,0.057799039990330224
2010-05-08,3036.0831671910164,-13104.7467679503,18662.16109501132,20753.698085064803,-0.9938950904094985,0.1401862793217967
2010-05-09,18773.783430686603,2234.3522163178436,33139.91444823111,20762.06123866126,-0.29382093006431226,0.19805597758106544
2010-05-10,27578.487957949805,12180.860732185785,42900.07869855604,20770.424392257715,0.1574396181444578,0.17033719744289383
2010-05-11,28569.437221198164,14360.547257175309,43159.42290378515,20778.787545854175,0.3093080357573814,0.065624796976567
2010-05-12,24285.230309253904,8798.878835307001,40088.47471860671,20787.15069945063,0.20916443196445045,-0.04088357133184232
2010-05-13,29177.326405662483,13583.90371846645,46023.71475961262,20795.513853047087,0.47537168899951454,-0.07231299990695145
2010-05-14,23313.076662266634,7919.054994419319,40545.33802462048,20803.877006643543,0.13643224560533923,-0.01582012821867139
2010-05-15,1614.3007510416755,-12873.274215294297,15694.7302556196,20812.240160240002,-0.993895090408449,0.0714600588410956
2010-05-16,17181.601567132762,1317.0134484262992,32346.687707163204,20827.198967114127,-0.29382093006529064,0.11878071434844277
2010-05-17,26298.643625189532,10962.96013702633,41187.19724770887,20842.157773988252,0.1574396181456101,0.10436081107919724
2010-05-18,28666.397561184553,14075.428886926535,43360.678951139664,20857.116580862377,0.3093080357569351,0.06511001719136396
2010-05-19,26250.899808361093,10450.962815764458,41483.003803061816,20872.075387736502,0.209164431966201,0.048539908436141074
2010-05-20,32047.14712966839,16464.285448503324,48232.51207955047,20887.034194610627,0.4753716889992879,0.058936477065636095
2010-05-21,24876.599830110867,9696.819999624602,41255.54092186117,20901.993001484752,0.13643224560599873,0.05372219700355439
2010-05-22,-7.734773745084757,-15713.827890049542,16071.68712218868,20916.951808358877,-0.9938950904087742,-0.0064746945300616365
2010-05-23,12552.126374333844,-3010.2858456656018,30416.727988718332,20931.910615233002,-0.29382093006446836,-0.10651444279924188
2010-05-24,20476.687529234798,4665.313539775888,36185.02013964029,20946.869422107127,0.1574396181453136,-0.17988602211134505
2010-05-25,23919.458093680703,7961.294737470785,40042.764101861125,20961.828228981252,0.3093080357564888,-0.16821204773525728
2010-05-26,23666.114023035243,8393.63338599526,38156.72627441162,20976.787035855377,0.20916443196483608,-0.08095952705813944
2010-05-27,31076.295091474287,15552.452265267411,47816.777053899656,20991.745842729502,0.47537168900010995,0.005033767711227356
2010-05-28,24099.131759965854,7400.417401151779,39184.82874766639,21006.704649603627,0.13643224560626463,0.010779188169026704
2010-05-29,-1412.4740058206673,-17468.511181558744,14458.349465407131,21021.663456477752,-0.9938950904090993,-0.07329626239440189
2010-05-30,11141.036992105712,-4800.881527147255,27211.11027276162,21036.622263351877,-0.29382093006408216,-0.176577080955271
2010-05-31,4080.240218092035,-10783.569452991904,20211.36373641486,21051.581070226002,0.15743961814574156,-0.2099237362763677
2010-06-01,24556.2318177095,8721.101341010033,40721.93164135931,21066.539877100127,0.3093080357571373,-0.14365710489863598
2010-06-02,24852.060080848674,7899.751074867796,40312.85308009402,21081.498683974252,0.20916443196535156,-0.030308011300120098
2010-06-03,32126.069157774476,16918.922377348816,48895.05665446439,21096.457490848377,0.4753716890010212,0.0474464984463611
2010-06-04,25113.158019720664,9310.895246306123,40953.81040566708,21111.416297722502,0.1364322456048995,0.05312120100255836
2010-06-05,654.33526486171,-16704.609339271254,16465.83983278665,21126.375104596627,-0.9938950904094243,0.024867524706462883
2010-06-06,15582.756671592402,-500.76252677686705,29518.41649384609,21141.333911470752,-0.2938209300650604,0.030896307467694048
2010-06-07,26538.621035465694,9666.736487752192,42232.73473053432,21156.292718344877,0.1574396181447208,0.09696829673791543
2010-06-08,31469.808187792365,15497.778726362094,46175.047825928275,21171.251525219002,0.30930803575669097,0.17713258162040715
2010-06-09,29792.44604539886,13963.005331169234,44949.331423864634,21196.899135400545,0.2091644319658671,0.19634520673610018
2010-06-10,33940.57089568521,19788.74261868757,49089.685019929406,21222.546745582087,0.47537168899965665,0.12389777203949244
2010-06-11,24293.22248662763,9947.820589795,38889.71077520872,21248.19435576363,0.13643224560921485,0.006875372905580324
2010-06-12,-1332.3644027115545,-17405.089679315435,15574.682540873728,21273.841965945176,-0.9938950904087305,-0.06873414247004991
2010-06-13,13919.312067620649,-3230.9804815873536,29475.470893847065,21299.489576126718,-0.29382093006445625,-0.05267458017434572
2010-06-14,25300.069609426853,10699.626743248264,42122.537183897555,21325.137186308264,0.1574396181444243,0.028956951706047035
2010-06-15,30155.6975538307,14359.555976675538,46072.3691246775,21350.784796489803,0.309308035757332,0.10308489692720703
2010-06-16,28369.834421899468,12832.603612042782,43423.41778804615,21376.43240667135,0.20916443196638274,0.1179903468191341
2010-06-17,33381.18813119325,17592.017692161146,48682.71542145512,21402.08001685289,0.47537168900047877,0.08434531537047525
2010-06-18,25472.64014808666,10651.689964434818,41553.74570595095,21427.727627034434,0.13643224560784975,0.05233777198136644
2010-06-19,1253.8758320278207,-13777.377063155498,17752.175499516423,21453.375237215976,-0.9938950904090555,0.05234164337162504
2010-06-20,16490.761585551954,1286.0781024560506,31508.877777637328,21479.022847397522,-0.29382093006385196,0.061582187301400665
2010-06-21,25559.983209450653,10872.971178726697,40895.79999690067,21504.670457579065,0.1574396181455766,0.031138614656049002
2010-06-22,27006.016446401205,12099.261824691539,42426.09851526587,21530.318067760607,0.3093080357563458,-0.054983024792393434
2010-06-23,22804.28426680378,6924.045356807902,38074.111968345984,21555.965677942153,0.20916443196501777,-0.15125384667683411
2010-06-24,27825.454308311208,13260.998170625408,43139.87149874208,21581.613288123695,0.47537168900025206,-0.18605870128104945
2010-06-25,21740.444725956673,5722.424097954723,37432.340411562924,21607.260898305238,0.13643224560730013,-0.13026839965392983
2010-06-26,-558.3715894414676,-16994.24887135292,15291.382779681702,21632.90850848678,-0.993895090409049,-0.031916121671953075
2010-06-27,15743.108009248459,-562.8475387535595,30235.26132178992,21658.556118668326,-0.2938209300632477,0.0206980091718999
2010-06-28,24599.112479561354,8803.296305298853,40331.754804503784,21684.203728849865,0.1574396181452804,-0.023014172453985154
2010-06-29,25630.679291895627,8766.858121212348,42521.45290490203,21709.85133903141,0.3093080357569868,-0.12870670912260818
2010-06-30,21806.281558853763,6514.162648730222,37570.397509204406,21735.498949212953,0.2091644319655333,-0.2059078879217917
2010-07-01,28023.82657717873,12528.428154588593,43178.166640310745,21761.1465593945,0.47537168900002547,-0.18757986697029097
2010-07-02,22873.94863660362,7256.944771083264,37538.31666191622,21805.58654780481,0.13643224560675046,-0.0874373659479704
2010-07-03,506.811175095819,-13339.426851221637,16674.45582363219,21850.02653621513,-0.9938950904090185,0.0170900816945352
2010-07-04,16741.108821825335,2045.605513531187,32637.232722288885,21894.466524625444,-0.29382093006422605,0.05844832132749558
2010-07-05,26243.71077242878,10973.814632716527,41032.496704080484,21938.906513035756,0.15743961814498394,0.03877819502793706
2010-07-06,29229.034562853158,14476.537208410722,44336.58683007059,21983.346501446074,0.3093080357565404,0.020290920477464267
2010-07-07,27908.400850675684,11140.148860033178,42966.51391906128,22027.786489856386,0.20916443196481405,0.057799039990358486
2010-07-08,35658.96136556548,20789.90422416836,51483.42283970513,22072.2264782667,0.47537168899979876,0.14018627932192382
2010-07-09,29514.430935988228,14773.048284029326,45784.43789399457,22116.66646667702,0.1364322456082256,0.19805597758116655
2010-07-10,3910.152317140476,-12105.91239903388,18751.00139107551,22161.106455087334,-0.993895090409012,0.170337197443016
2010-07-11,17138.326612004137,2357.360133892431,33107.924840499734,22205.54644349765,-0.29382093006362187,0.06562479697646137
2010-07-12,24843.35689204957,8917.243842363674,40386.45077655443,22249.98643190796,0.15743961814468743,-0.040883571331888274
2010-07-13,27578.0948090389,11742.123385229046,43690.41590553269,22294.426420318276,0.3093080357560941,-0.07231299990689669
2010-07-14,26657.958981028358,11814.60019241693,42626.04118337035,22338.866408728594,0.20916443196591883,-0.015820128218610535
2010-07-15,34623.20895673547,19011.417637339662,50344.7479598557,22383.30639713891,0.47537168899939386,0.07146005884109058
2010-07-16,28151.597925729082,13644.793262311428,42887.28847374652,22427.746385549224,0.13643224560686043,0.11878071434830842
2010-07-17,2482.4062628281545,-14402.656065135978,17156.90451287132,22472.18637395954,-0.9938950904093371,0.1043608110792551
2010-07-18,17366.828192247754,1358.770903897382,33565.45214697342,22516.626362369854,-0.2938209300627997,0.06511001719138822
2010-07-19,27208.184116862038,11149.907200849888,44061.7449208353,22561.066350780166,0.1574396181443911,0.04853990843597253
2010-07-20,30929.860008155025,14211.352588104513,46060.67321976669,22605.506339190484,0.30930803575619525,0.058936477065570654
2010-07-21,28604.314363987894,13718.98108753667,44333.39214294041,22649.9463276008,0.20916443196519952,0.0537221970035949
2010-07-22,33335.71585090864,18512.88499407505,48619.47180139261,22694.38631601111,0.47537168899916715,-0.006474694530100467
2010-07-23,23419.122025840887,7804.5007560563845,38620.938352292054,22738.82630442143,0.13643224560549527,-0.10651444279932434
2010-07-24,-3959.3013632311677,-19344.4489306864,10800.926852876875,22783.26629283174,-0.9938950904096622,-0.17988602211136728
2010-07-25,12280.55317173628,-4969.29727516577,28768.390653019065,22827.706281242055,-0.29382093006623233,-0.16821204773550863
2010-07-26,24633.847401196526,8760.605982649367,41758.865750301695,22883.69994500255,0.157439618144819,-0.08095952705814222
2010-07-27,30150.59826874655,13926.290953876036,45700.78688801509,22939.693608763046,0.3093080357568363,0.005033767711232415
2010-07-28,28053.441978729363,12475.025003398163,45033.40546160978,22995.68727252354,0.20916443196571521,0.010779188169052045
2010-07-29,32320.19538272096,17295.24435051167,48158.67701644511,23051.680936284032,0.4753716890000784,-0.07329626239428974
2010-07-30,22180.02080794373,6618.281837812571,38747.11566166407,23107.674600044535,0.13643224560697034,-0.17657708095526703
2010-07-31,-4721.191687264938,-20526.28486989004,10067.536512915962,23163.668263805026,-0.9938950904092999,-0.20992373627637484
2010-08-01,13061.56985496783,-2735.060710065266,28661.9911055052,23219.66192756552,-0.2938209300654101,-0.1436571048985003
2010-08-02,26234.727087026524,10335.236659047507,41799.06436218337,23275.655591326016,0.1574396181452469,-0.030308011300056857
2010-08-03,31655.320917291152,16421.306785696604,46936.25001706941,23331.64925508651,0.30930803575747734,0.04744649844631485
2010-08-04,29521.88564546074,14386.188646228478,45549.58758537758,23387.642918847003,0.2091644319662307,0.053121201002384516
2010-08-05,35171.062913077774,19479.975490299938,50036.185001448306,23443.636582607498,0.4753716889986247,0.0248675247064147
2010-08-06,27431.789373270087,11684.469008914846,42788.07422936918,23499.630246367993,0.13643224560642078,0.030896307467720957
2010-08-07,2427.9536834900473,-13951.125731370548,18607.700370465638,23555.62391012849,-0.9938950904092934,0.09696829673799814
2010-08-08,20856.41691508985,4947.616130289546,37361.68471006709,23611.61757388898,-0.2938209300648059,0.17713258162035278
2010-08-09,32040.85293471151,15454.13354160887,47580.18295875893,23667.61123764948,0.15743961814495047,0.19634520673599137
2010-08-10,34000.808326584425,18724.005493086257,50141.25608186837,23723.604901409974,0.30930803575757837,0.12389777203951749
2010-08-11,28916.938399102175,12642.64193117847,44044.444312668726,23779.59856517046,0.20916443196545492,0.006875372905611354
2010-08-12,33528.03897298139,16862.95097924319,49462.41580626037,23835.592228930964,0.47537168899953597,-0.06873414247002238
2010-08-13,25892.68935051932,9227.874008835894,42472.345088756396,23891.585892691455,0.1364322456058711,-0.052674580174376644
2010-08-14,839.6467128037708,-16337.066599793472,15494.643459815912,23947.57955645195,-0.9938950904092868,0.028956951706143937
2010-08-15,19425.226883038238,3385.30312345993,34299.61485489644,24003.57322021245,-0.29382093006578414,0.10308489692722755
2010-08-16,30686.292547885434,15126.058091737086,46240.047694511915,24059.566883972944,0.1574396181453785,0.1179903468190707
2010-08-17,33608.731771669874,18131.864803172768,49782.168514875164,24115.56054773344,0.30930803575713206,0.08434531537049371
2010-08-18,30492.468910633044,15354.590347623462,46461.759684887504,24171.55421149393,0.20916443196597057,0.052337771981404296
2010-08-19,37012.74812485393,19934.63635622384,53039.17055079008,24227.548022643885,0.4753716889993093,0.05234164337178212
2010-08-20,29092.03359895792,14095.25577472011,45239.7969577903,24283.541833793843,0.13643224560450595,0.06158218730134023
2010-08-21,906.4900859536001,-14181.976876958095,16483.756886914358,24339.5356449438,-0.9938950904089245,0.03113861465594158
2010-08-22,15886.27230096668,493.69984216638835,32019.441768878805,24395.529456093755,-0.29382093006517995,-0.0549830247922764
2010-08-23,24602.77480222684,9638.93131956885,40162.845920721724,24451.523267243712,0.15743961814508203,-0.15125384667677638
2010-08-24,27528.052247956068,12576.272821803375,42660.39565036587,24507.517078393666,0.30930803575668575,-0.18605870128104585
2010-08-25,26501.47443839422,10508.71606637388,42223.854920438156,24563.510889543628,0.2091644319664861,-0.13026839965395723
2010-08-26,35537.161125078615,18751.864015763826,51288.48425152325,24619.504700693582,0.4753716890001314,-0.03191612167194474
2010-08-27,28552.765879799892,12408.83926872205,43951.943862271386,24675.498511843532,0.13643224560679656,0.02069800917186103
2010-08-28,-418.19130468731885,-15603.676570635987,15584.808071703128,24731.492322993494,-0.9938950904092254,-0.023014172453918125
2010-08-29,14314.088136496248,-1335.2169905753403,29606.68771790157,24787.486134143448,-0.29382093006457577,-0.12870670912270943
2010-08-30,23639.359457122035,8263.45128131762,39477.7928453843,24843.479945293406,0.1574396181455099,-0.20590788792184178
2010-08-31,27930.441100572007,12590.38052478582,43781.802518095385,24899.47375644336,0.3093080357573268,-0.18757986697045406
2010-09-01,27993.223415679375,12075.868360784403,43454.9717103894,24955.467567593314,0.20916443196512113,-0.08743736594809998
2010-09-02,37328.64993697378,21150.120306773973,52488.76306435895,25011.46137874327,0.4753716889999048,0.017090081694494996
2010-09-03,29952.615068862004,15330.133940661317,46084.87369019197,25067.45518989323,0.13643224560543143,0.0584483213273614
2010-09-04,1127.618389892226,-15474.028134654753,17153.170266706413,25123.44900104318,-0.993895090409219,0.038778195027752996
2010-09-05,18292.109578388106,1453.666560422609,33532.87186653556,25179.44281219314,-0.2938209300639716,0.020290920477347874
2010-09-06,30667.07813959788,14570.57700778307,47241.82428270637,25235.436623343096,0.15743961814448917,0.057799039990335706
2010-09-07,36659.784634997144,19991.77025259951,52173.16443455236,25291.430434493053,0.3093080357563406,0.1401862793220055
2010-09-08,35669.412727942086,21127.338899627888,50568.81069208444,25347.424245643007,0.20916443196687157,0.1980559775811848
2010-09-09,41806.630842081126,25490.709066788986,57657.40240369646,25403.41805679296,0.4753716889996781,0.1703371974429432
2010-09-10,30603.66533584337,14859.583061911198,47219.41121645238,25459.411867942923,0.13643224560488176,0.0656247969766007
2010-09-11,-887.3916634326181,-17278.256959283546,15081.105411329238,25515.40568346134,-0.9938950904085251,-0.040883571331813556
2010-09-12,16208.842505537714,650.0597202647718,31884.174797133543,25571.399498979757,-0.29382093006494986,-0.07231299990691528
2010-09-13,29256.731683837403,13188.669153029745,44687.08685048105,25627.39331449818,0.15743961814491716,-0.015820128218643627
2010-09-14,35462.80151035454,19918.744932488727,50758.48475518284,25683.3871300166,0.309308035757529,0.0714600588412
2010-09-15,34180.485995763185,17267.68986441246,49491.700587652325,25739.380945535013,0.20916443196615225,0.11878071434834922
2010-09-16,40749.791861747595,24689.875224982923,55816.75041126896,25795.37476105343,0.47537168899945137,0.10436081107931298
2010-09-17,31061.511895890224,14104.194907310157,45668.30035373324,25851.368576571847,0.13643224560554137,0.06511001719133591
2010-09-18,1415.703103481096,-13665.87033894821,18294.565466112428,25907.36239209027,-0.9938950904088502,0.04853990843607331
2010-09-19,19864.96748676971,2916.2691226039137,35791.61768496491,25963.35620760869,-0.2938209300645636,0.05893647706569377
2010-09-20,31513.64320300801,15030.31518475744,47537.23874421166,26019.350023127106,0.15743961814534496,0.05372219700366316
2010-09-21,33971.82733691874,18001.903877701432,50240.64356440117,26075.34383864552,0.3093080357559954,-0.006474694530018421
2010-09-22,28813.71918124077,14248.883505285648,44721.72488909231,26131.33765416394,0.20916443196478735,-0.10651444279940685
2010-09-23,33925.31257304535,18801.461582034477,49482.73674435309,26187.331469682365,0.4753716890002735,-0.1798860221112512
2010-09-24,25409.317600467868,8801.065382972069,41006.24910899125,26243.32528520078,0.13643224560783204,-0.1682120477353936
2010-09-25,-1968.6254709286875,-17528.80910797895,13741.740680388071,26299.319100719196,-0.9938950904088437,-0.0809595270582241
2010-09-26,18744.23688624448,2585.5742907178847,35959.00659068944,26355.312916237614,-0.29382093006374144,0.005033767711215373
2010-09-27,30854.185223386095,14543.490717060655,46442.425615233275,26411.306731756034,0.15743961814577295,0.010779188169027634
2010-09-28,32713.895085564593,17552.17137265286,49266.35531917229,26467.300547274455,0.3093080357571838,-0.07329626239432022
2010-09-29,27387.618266136356,10835.416047474147,43849.9276105003,26523.294362792873,0.20916443196530288,-0.17657708095524255
2010-09-30,33634.705810065185,18635.31268922618,48630.724016651824,26579.288178311286,0.4753716889989089,-0.20992373627641567
2010-10-01,26442.84582924358,10055.326889617721,42669.899484062065,26635.281993829707,0.13643224560728237,-0.1436571048984552
2010-10-02,-646.0116631700915,-16923.244479309753,15266.330248048038,26691.275809348124,-0.9938950904095004,-0.030308011300004156
2010-10-03,20157.426273695455,5054.239469800303,35679.39862920179,26747.269624866545,-0.29382093006471965,0.047446498446300986
2010-10-04,32446.980546217026,17235.45028433605,47340.960987036655,26803.263440384962,0.15743961814475216,0.05312120100268689
2010-10-05,35834.96453827446,19860.231397242227,52661.37692661444,26859.257207372317,0.3093080357567375,0.02486752470658348
2010-10-06,33376.54602527071,16949.301869566843,49280.01835811227,26915.250974359675,0.20916443196458345,0.030896307467728285
2010-10-07,42407.966571943005,26043.293209977255,58049.69694383602,26971.24474134703,0.4753716889998202,0.0969682967380801
2010-10-08,35502.029881681796,19117.339087554694,49693.404438250844,27027.238508334387,0.13643224560875747,0.1771325816204113
2010-10-09,5483.003524654252,-9724.312758272423,20974.518732676468,27083.23227532174,-0.9938950904088066,0.19634520673596184
2010-10-10,22527.6430468572,6859.606095471655,37418.00911754955,27139.226042309092,-0.29382093006411547,0.12389777203954255
2010-10-11,31663.80210888297,16267.665759555559,48704.2924112533,27195.219809296454,0.15743961814518023,0.006875372905525409
2010-10-12,33807.14412310616,17673.929186917292,50160.85117440013,27251.213576283804,0.3093080357562912,-0.06873414247001736
2010-10-13,31580.508173271493,16630.43649471073,45689.28405501599,27307.20734327116,0.20916443196633405,-0.052674580174392076
2010-10-14,41163.247131578195,25035.425279021976,55966.591130268134,27363.201110258517,0.4753716890006423,0.028956951706018842
2010-10-15,33986.562084840996,18960.780938812848,49348.67377397158,27419.19487724587,0.1364322456073924,0.1030848969271294
2010-10-16,3409.540579721536,-11531.071294265963,19895.70136730796,27475.18864423323,-0.9938950904091317,0.11799034681921511
2010-10-17,21764.071052412633,7229.0036797025605,38637.54957866041,27531.182411220583,-0.2938209300632933,0.08434531537056897
2010-10-18,33374.341997825184,17330.71795982608,48811.869306229826,27587.176178207937,0.15743961814488375,0.05233777198135664
2010-10-19,37640.31348595805,22272.514147186062,52082.64964712046,27643.169945195295,0.3093080357563923,0.052341643371683816
2010-10-20,35198.61864375846,20045.408638137957,50813.80719642003,27699.16371218265,0.2091644319649691,0.0615821873012798
2010-10-21,41813.43072197705,26277.5045970837,57841.71176018631,27755.157479170008,0.4753716890004156,0.03113861465603618
2010-10-22,30076.34784511194,14065.14394645597,46778.048224745275,27811.151246157362,0.1364322456068427,-0.05498302479231207
2010-10-23,-4044.886478288928,-18939.42130825046,11400.325098091074,27867.14501314472,-0.9938950904094568,-0.15125384667688585
2010-10-24,14523.393236357015,-61.04826000772938,31154.454374363457,27923.138780132074,-0.293820930062907,-0.18605870128101887
2010-10-25,28739.35967075477,13892.870004845769,44623.39285493026,27979.13254711943,0.1574396181453118,-0.13026839965399342
2010-10-26,35811.84366399704,19211.127892628876,52081.87683813085,28035.126314106787,0.3093080357570333,-0.03191612167183999
2010-10-27,34548.21351721791,19090.88142266437,49827.54532275332,28091.12008109414,0.20916443196548468,0.020698009171902038
2010-10-28,40689.15375969894,25499.50186183758,56586.06033067264,28015.93498580209,0.47537168900009985,-0.02301417245391363
2010-10-29,28156.60717314977,12975.374334280858,44167.81889619374,27940.74989051004,0.13643224560547754,-0.12870670912254134
2010-10-30,-5567.622838956374,-21986.030136160294,9549.966775890154,27865.564795217997,-0.9938950904090945,-0.20590788792177483
2010-10-31,14412.06876250131,-1729.5477489760742,29233.709841354088,27790.379699925947,-0.2938209300638853,-0.18757986697021517
2010-11-01,29655.320647035904,13378.407734332446,45259.58455762797,27715.194604633896,0.15743961814501534,-0.08743736594803361
2010-11-02,36661.656579521674,19552.921550571427,52302.352180427195,27640.009509341853,0.30930803575658705,0.01709008169451797
2010-11-03,34941.522969542944,19956.023447477688,50967.99137810093,27564.824414049803,0.20916443196600015,0.05844832132740506
2010-11-04,41623.43418642274,26981.394290105043,57603.75577094906,27489.639318757756,0.4753716889986461,0.03877819502768536
2010-11-05,31710.934285862364,15977.868066925339,47514.90596451521,27414.45422346571,0.13643224560776812,0.020290920477334246
2010-11-06,1747.0872759554381,-13402.219179902668,18636.66727090858,27339.26912817366,-0.993895090409088,0.05779903999035281
2010-11-07,23075.376004644728,6871.884498124029,39089.57022061688,27264.084032881612,-0.2938209300652996,0.14018627932166447
2010-11-08,36854.432762536715,21804.580142832194,53123.71873017421,27188.898937589565,0.15743961814471885,0.19805597758108756
2010-11-09,40118.67744110607,22914.482646957724,55559.01089118344,27113.71384229752,0.3093080357572281,0.17033719744283418
2010-11-10,34468.42521313108,18531.163515009986,50750.96409095431,27038.528747005468,0.20916443196587015,0.06562479697649509
2010-11-11,38678.59608097366,22980.476174092506,54303.703225274236,26963.343651713425,0.4753716889995574,-0.040883571331859506
2010-11-12,28612.20700130513,11829.609318400982,43952.53870841297,26888.158556421375,0.13643224560640305,-0.07231299990699745
2010-11-13,-260.49389924404034,-17204.198683947518,15061.64312241813,26812.973461129328,-0.993895090409413,-0.01582012821867674
2010-11-14,20792.350450224785,5332.819334242423,36087.91386439844,26737.78836583728,-0.29382093006447735,0.071460058841151
2010-11-15,34027.35641107382,18622.209674618716,49817.40158281173,26662.60327054523,0.1574396181451469,0.11878071434821483
2010-11-16,37585.80479214103,22352.96055359127,53216.68952373969,26587.418175253184,0.3093080357562418,0.10436081107916959
2010-11-17,33783.861203876506,18548.023932302272,49228.47258389379,26512.233079961137,0.20916443196515083,0.06511001719136017
2010-11-18,40287.72402579212,26560.35842550619,55283.62006607218,26437.047984669087,0.4753716889993307,0.04853990843602139
2010-11-19,31512.146369290895,15717.256476385279,46775.45313528773,26361.862889377044,0.13643224560503786,0.05893647706551534
2010-11-20,1572.6558743916028,-15550.816135583056,17373.350737957924,26286.677794084993,-0.9938950904094065,0.05372219700351095
2010-11-21,18340.29234765477,1962.9115727320086,33362.42802309631,26211.487297129737,-0.2938209300656736,-0.0064746945300698105
2010-11-22,27467.29229760534,11761.228743247462,43269.94733127005,26136.296800174478,0.1574396181448504,-0.10651444279935253
2010-11-23,29433.98715881414,13394.856935361146,45457.85484007316,26061.10630321922,0.3093080357568828,-0.1798860221112734
2010-11-24,27050.101014950975,10910.393923238662,41944.62301461729,25985.915806263965,0.20916443196625578,-0.16821204773546833
2010-11-25,36130.23049604175,20671.133909890974,51436.48556275139,25910.725309308713,0.47537168900024196,-0.08095952705811468
2010-11-26,29490.384924211536,13655.308100265109,44486.17275760966,25835.534812353457,0.13643224560732845,0.005033767711291999
2010-11-27,434.94017174400636,-14487.663720368919,16549.74568585213,25760.344315398197,-0.993895090409376,0.01077918816904841
2010-11-28,16255.692260726164,-168.26464680968067,31499.82898562091,25685.15381844294,-0.2938209300650694,-0.0732962623944149
2010-11-29,25119.853600856,9085.958548265513,39302.52817943882,25609.963321487685,0.15743961814527832,-0.17657708095532718
2010-11-30,28072.52833410895,13771.788928538717,44154.788438269745,25534.772824532425,0.30930803575752386,-0.20992373627637143
2010-12-01,27127.37151408272,12499.782999160854,42839.39042016004,25459.58232757717,0.2091644319648907,-0.1436571048985294
2010-12-02,36682.06261493043,20905.413583460228,52142.409761842886,25384.391830621913,0.47537168899992616,-0.030308011300159123
2010-12-03,29963.025487866824,14440.052591236628,44941.26607584796,25309.201333666657,0.13643224560596334,0.047446498446287094
2010-12-04,1494.5123165263494,-14134.786300580728,16746.26305287715,25234.010836711397,-0.9938950904093694,0.05312120100261987
2010-12-05,18392.269934590375,2782.197865613408,33654.58605797589,25158.82033975614,-0.2938209300644652,0.024867524706535304
2010-12-06,29807.778486971547,13474.293247099962,46396.49325090012,25083.629842800885,0.15743961814498186,0.030896307467734474
2010-12-07,35168.77636468873,20912.77815100414,50783.147019316006,25008.439345845625,0.30930803575653765,0.09696829673803417
2010-12-08,34564.88841824234,19008.46761520621,49504.03220618592,24933.248848890376,0.20916443196664114,0.17713258162052353
2010-12-09,41555.63614211476,26088.47946660363,56533.57236425194,24858.058351935113,0.4753716889996995,0.19634520673603656
2010-12-10,31234.59228095977,15931.398421484428,47305.12216492278,24782.867854979857,0.13643224560541373,0.12389777203955799
2010-12-11,320.71263193256215,-14527.118027247248,16527.4410264911,24707.677358024597,-0.9938950904093388,0.006875372905556433
2010-12-12,15701.853800423381,249.5647675145182,31307.96361261975,24632.48686106934,-0.2938209300654435,-0.0687341424701057
2010-12-13,27130.042450148678,11309.914923019169,42919.09449439152,24557.29636411409,0.1574396181446855,-0.052674580174374645
2010-12-14,32763.54510138836,15564.67435538544,47081.75249190137,24482.105867158833,0.30930803575717863,0.028956951706115758
2010-12-15,32027.9583072235,16601.602726954705,47752.72248419229,24406.91536435397,0.20916443196592183,0.10308489692714994
2010-12-16,38769.24666037723,22679.507946335103,55070.08833570713,24331.724861549093,0.47537168899947285,0.1179903468191814
2010-12-17,29611.83285216524,14053.996274033994,46052.791265038235,24256.53435874423,0.13643224560404854,0.08434531537058741
2010-12-18,1413.2225789737608,-13506.599007349963,17337.83914922884,24181.343855939354,-0.993895090408645,0.05233777198139185
2010-12-19,18285.01663650229,1830.4951705241401,34192.03721991566,24106.15335313449,-0.29382093006505716,0.05234164337184092
2010-12-20,29294.26772042563,12813.356385334126,44102.26002998141,24030.962850329623,0.1574396181451134,0.061582187301346694
2010-12-21,32111.434801280964,16720.479718233706,47860.223831295996,23955.77234752475,0.30930803575619237,0.031138614656183207
2010-12-22,27562.523557676643,11888.906893094863,43656.16819623094,23880.581844719887,0.20916443196643753,-0.05498302479227141
2010-12-23,31521.14341932314,15502.760649635988,48446.82539583627,23805.39134191502,0.4753716890002949,-0.15125384667679104
2010-12-24,22552.555078997735,6243.4806770669065,38570.21340252784,23730.200839110155,0.13643224560552358,-0.186058701281007
2010-12-25,-10092.933883395435,-24717.335606891695,5706.388315003999,23655.01033630528,-0.9938950904086383,-0.13026839965400963
2010-12-26,8136.485130959757,-6530.814567133887,23147.215320203646,23579.819833500416,-0.29382093006423504,-0.03191612167196422
2010-12-27,12951.320766352495,-1801.0257731333566,28127.894462769087,23504.629330695545,0.15743961814554128,0.020698009171933568
2010-12-28,7771.830775761887,-7791.305513976098,24468.70695274612,23429.43882789068,0.3093080357573808,-0.023014172453979104
2010-12-29,25233.27796401885,9129.271632088385,40946.211997335166,23354.248325085817,0.20916443196507245,-0.12870670912264262
2010-12-30,29551.92122856871,13833.758346288394,45994.689848077585,23279.05782228094,0.47537168899893034,-0.20590788792172954
2010-12-31,22017.044699608752,6601.195809121849,37652.664779349994,23203.867319476078,0.136432245604974,-0.1875798669702785
2011-01-01,-9717.553030309013,-24998.983232515653,5582.452398633668,23128.67681667121,-0.9938950904092951,-0.08743736594792166
2011-01-02,16673.875488364316,358.3237029327696,31901.857370228794,23053.48631386634,-0.29382093006363075,0.01709008169451548
2011-01-03,13395.56702192168,-2235.5411475385413,29167.54329768883,22978.29581106147,0.15743961814452057,0.058448321327448705
2011-01-04,30875.3609082783,15108.804655064832,46808.41609091482,22903.105308256607,0.30930803575693444,0.038778195028009735
2011-01-05,28065.902042649785,12041.053918542033,44054.54716905892,22827.914805451735,0.20916443196435314,0.0202909204775229
2011-01-06,34883.81090560343,19474.749280061234,50311.590433439545,22752.724302646868,0.4753716889998416,0.05779903999041517
2011-01-07,28950.559764164147,12810.21173258592,44404.104716627946,22677.53381204773,0.1364322456072647,0.14018627932174613
2011-01-08,4614.514464684477,-10651.641128049878,21230.057125262625,22602.34332144859,-0.9938950904086012,0.19805597758110582
2011-01-09,19745.41591395773,4385.355826225046,34270.77916439286,22527.152830849453,-0.29382093006460913,0.17033719744295633
2011-01-10,27460.196188026315,11196.873373001963,43543.7079255155,22451.96234025031,0.1574396181456729,0.06562479697663441
2011-01-11,28383.24484894613,14009.081324759942,43713.97700666665,22376.771849651173,0.3093080357564882,-0.040883571331849
2011-01-12,25353.584705221892,8992.913469278372,41592.5516436468,22301.581359052034,0.20916443196610363,-0.07231299990695622
2011-01-13,32440.563482579983,16490.263165799017,48894.77307944768,22226.390868452894,0.4753716889996149,-0.01582012821857013
2011-01-14,26756.264470718885,11380.080590578498,43043.99625338273,22151.200377853755,0.13643224560792425,0.07146005884114598
2011-01-15,2756.9762688644614,-12684.812394638499,18481.361790939096,22076.009887254615,-0.9938950904089263,0.11878071434843078
2011-01-16,17832.54153600868,2072.2968857895507,33569.40078612568,22000.819396655475,-0.29382093006378684,0.10436081107928913
2011-01-17,26805.169623627407,11002.528561137173,42576.58516526328,21925.628906056336,0.15743961814537638,0.0651100171913429
2011-01-18,29669.57288212604,14705.357125827059,45493.73849028677,21850.438415457196,0.3093080357560418,0.048539908436122145
2011-01-19,27613.21168787269,11032.889871435604,42384.68686287927,21775.247924858057,0.20916443196473872,0.05893647706556287
2011-01-20,33181.4251486607,16873.06219185021,49200.72753360539,21700.057434258917,0.475371689000437,0.05372219700355146
2011-01-21,24435.181694029525,8217.661434285523,40210.10352902974,21624.86694365978,0.13643224560737457,-0.006474694530108641
2011-01-22,-2163.7929534500418,-18819.75933685895,13324.829324426995,21549.676453060638,-0.9938950904092515,-0.10651444279943502
2011-01-23,11301.872667664693,-4566.08682798883,25492.67742865828,21474.485962461502,-0.2938209300634007,-0.17988602211133625
2011-01-24,21168.77306810789,5029.9700604425125,37131.21622459592,21399.29547186236,0.1574396181450802,-0.16821204773546455
2011-01-25,26193.432553078008,10325.029812318027,43485.533022655094,21324.104981263223,0.3093080357572303,-0.08095952705811744
2011-01-26,25800.39371964484,10746.660665646688,41576.13277385279,21248.91449066408,0.20916443196525414,0.005033767711274971
2011-01-27,31467.348495660837,16403.794871295737,46603.12048424714,21173.724000064944,0.4753716890013483,0.010779188169069226
2011-01-28,22430.610166911072,7016.588800807649,37411.10611160817,21098.533509465808,0.13643224560600942,-0.07329626239430276
2011-01-29,-3583.894933775093,-19135.52184879658,12790.142120966193,21023.343018866664,-0.9938950904095765,-0.1765770809553129
2011-01-30,10395.632422460103,-5967.5150198022175,25491.592516372955,20948.15252826752,-0.2938209300643789,-0.20992373627637856
2011-01-31,21171.55584491953,5845.951585753449,37619.66031938584,20883.72561993046,0.15743961814478374,-0.14365710489847
2011-02-01,26627.88356129884,10829.624246395531,43341.511928363834,20819.298711593405,0.309308035756784,-0.03030801130010643
2011-02-02,26080.798767271957,10348.694504879844,42323.52381591784,20754.87180325634,0.20916443196576984,0.04744649844624085
2011-02-03,31625.19791284833,16839.276145654156,48308.35783164726,20690.444894919285,0.47537168899875665,0.05312120100256775
2011-02-04,23952.989950324238,9331.622418233037,39033.24166724598,20626.01798658223,0.13643224560830008,0.024867524706372067
2011-02-05,760.8038945603938,-15796.249825088538,16477.15434010788,20561.59107824517,-0.9938950904088826,0.030896307467680656
2011-02-06,16462.243427351077,1269.184991240947,31630.900112908606,20497.16416990811,-0.2938209300637747,0.09696829673800479
2011-02-07,27268.963114405662,11877.79027866412,42793.97351560822,20432.73726157105,0.15743961814521168,0.1771325816203025
2011-02-08,30667.612527457684,14409.603275567624,46358.82372811234,20368.310353233992,0.30930803575742505,0.19634520673592776
2011-02-09,27066.33961493001,11067.818927827699,43313.362574976185,20303.88344489693,0.20916443196628537,0.12389777203945734
2011-02-10,29999.874985849503,13935.400885275993,45153.62462095528,20239.456536559872,0.47537168899844084,0.006875372905555503
2011-02-11,21540.840864783386,6212.7737520835435,36828.84753254799,20175.029628222816,0.13643224560693493,-0.06873414247007817
2011-02-12,-936.5441439039726,-15269.10228210669,16142.063560877401,20110.602719885756,-0.9938950904092078,-0.052674580174453894
2011-02-13,14736.665935256859,-817.8181129017527,29879.792822774652,20046.175811548695,-0.29382093006317056,0.028956951706111393
2011-02-14,25187.484346527504,8529.118513778001,40454.658394792095,19981.748903211635,0.1574396181456396,0.10308489692717049
2011-02-15,28427.961468521047,13407.687371002994,44677.85049893623,19917.32199487458,0.3093080357564387,0.11799034681911798
2011-02-16,25679.913307263956,9311.496362601325,41910.136787483985,19852.89508653752,0.2091644319649204,0.08434531537051004
2011-02-17,30231.030054153132,15649.121049506162,44999.23606712205,19788.46817820046,0.4753716889993521,0.05233777198138695
2011-02-18,23447.425246737246,7071.959139690093,38229.46636587651,19724.0412698634,0.1364322456063853,0.052341643371572155
2011-02-19,1330.7022221496609,-14558.742753224937,17537.39525613073,19659.614361526343,-0.9938950904092012,0.061582187301286256
2011-02-20,14447.878242092573,-450.79975035129837,31227.05027643986,19595.18745318929,-0.2938209300661672,0.031138614656168656
2011-02-21,21531.81573587167,4668.355078381349,37364.97793308216,19530.760544852223,0.1574396181453432,-0.054983024792307086
2011-02-22,22543.069213802046,7347.752218921083,38096.126693542064,19466.33363651517,0.30930803575707977,-0.15125384667673328
2011-02-23,19899.62437736356,4568.806743833655,35210.950204252775,19450.21299416552,0.20916443196543594,-0.18605870128100344
2011-02-24,26140.861547888144,11976.01037041031,42030.55601344254,19434.09235181587,0.4753716890002634,-0.13026839965391981
2011-02-25,21447.46284719924,5646.642354278928,38322.62248957334,19417.971709466223,0.13643224560583567,-0.03191612167185946
2011-02-26,520.0262379983955,-15509.14329955556,16718.410802443013,19401.85106711657,-0.9938950904091707,0.020698009171894696
2011-02-27,13243.65053822099,-2982.937000784751,29853.76180118827,19385.730424766927,-0.29382093006556304,-0.023014172453912032
2011-02-28,19926.15501809474,4367.2279158937135,35852.92277491629,19369.609782417276,0.1574396181450467,-0.12870670912265286
2011-03-01,21354.64277827158,6025.146770313631,38515.642801735245,19353.489140067624,0.3093080357566335,-0.20590788792174217
2011-03-02,19754.757184875212,2447.5581475434674,34464.82167195573,19337.368497717973,0.20916443196471662,-0.1875798669704416
2011-03-03,26816.623062656177,9985.508551824683,41447.68311034802,19321.24785536833,0.4753716889999476,-0.08743736594817365
2011-03-04,22268.895271618712,6962.796249535075,39372.06025334798,19305.127213018677,0.13643224560731082,0.01709008169449415
2011-03-05,1245.1676953397982,-15219.709137211208,17358.883275403572,19289.00657066903,-0.9938950904091641,0.058448321327401596
2011-03-06,14357.47638910213,-1641.5540469519394,30067.576889302727,19272.88592831938,-0.29382093006495885,0.038778195027825674
2011-03-07,22679.28055236558,6347.757261446045,37407.33188371077,19256.765285969734,0.15743961814475022,0.020290920477406507
2011-03-08,26304.021434217557,11098.821008027508,41926.14444598125,19240.644643620082,0.30930803575618715,0.05779903999034132
2011-03-09,25940.625135289778,11391.139535539618,40578.328001917595,19224.52400127043,0.2091644319664107,0.14018627932170857
2011-03-10,32143.87361166247,16358.692312341893,49039.01673181164,19208.403358920783,0.47537168899972093,0.19805597758112406
2011-03-11,25079.888596369336,10074.865663941735,40660.12931927542,19192.282716571135,0.13643224560594572,0.17033719744288353
2011-03-12,1375.500478666552,-13929.777097245174,16902.23998961603,19176.162074221487,-0.9938950904094892,0.0656247969765627
2011-03-13,12747.089317690296,-2276.5479123351524,28903.360809003414,19160.041431871836,-0.2938209300641366,-0.040883571331872454
2011-03-14,20773.57802613924,3643.262204005862,35541.665609548836,19143.920789522188,0.15743961814445392,-0.0723129999070346
2011-03-15,24741.5781881664,8443.170311051099,40395.10794277621,19127.80014717254,0.3093080357562883,-0.015820128218542076
2011-03-16,24474.88483432635,8579.634337858448,40326.85726993865,19111.67950482289,0.2091644319656914,0.07146005884109699
2011-03-17,30441.23105388091,14501.654906375305,46686.71645302059,19095.558862473237,0.4753716889994942,0.11878071434829642
2011-03-18,23673.634468959302,8291.813520831685,40215.166476086306,19079.438220123593,0.13643224560458048,0.10436081107934696
2011-03-19,1359.7621818508803,-14723.139435513023,16525.064977588598,19093.780521507982,-0.9938950904084396,0.06511001719149283
2011-03-20,14421.262935473242,-1284.978442005521,30020.920638715823,19108.122822892372,-0.2938209300655509,0.048539908436148985
2011-03-21,23260.109458667084,8659.238867555072,39504.336707046605,19122.46512427676,0.1574396181448818,0.05893647706563653
2011-03-22,26084.047079692722,10995.612751047865,41177.143621048446,19136.80742566115,0.30930803575692933,0.053722197003619715
2011-03-23,23032.89123682138,7029.064559529732,37547.17994900475,19151.14972704554,0.2091644319662071,-0.006474694530026623
2011-03-24,26234.822640124312,10605.1218273216,41695.74073697964,19165.49202842993,0.4753716890004055,-0.10651444279937919
2011-03-25,18346.39809543915,3254.8034139473075,34969.18224984472,19179.834329814315,0.13643224560605555,-0.17988602211128935
2011-03-26,-3111.5130427162558,-18827.57243511988,12592.289924223767,19194.176631198705,-0.9938950904087647,-0.1682120477353495
2011-03-27,12009.541426376227,-3085.1711806571166,27990.435225039873,19208.518932583094,-0.29382093006472865,-0.0809595270581451
2011-03-28,22346.06458450114,6210.180264031711,39340.557703763596,19222.861233967484,0.1574396181453097,0.005033767711257936
2011-03-29,25394.78661109401,10139.412221738341,41677.237018181455,19237.203535351873,0.3093080357575703,0.010779188169049339
2011-03-30,21867.218130976366,5702.009523892331,38735.95279703119,19251.545836736263,0.2091644319648419,-0.07329626239433326
2011-03-31,25022.43163296402,8677.760776839525,41053.35146614738,19265.888138120652,0.47537168899895177,-0.1765770809552602
2011-04-01,17863.297564029293,2345.144452520509,33495.02936547895,19280.23043950504,0.13643224560550604,-0.20992373627630562
2011-04-02,-2654.0108380306997,-19085.581360642074,12585.005524291308,19294.57274088943,-0.9938950904090897,-0.14365710489846792
2011-04-03,13050.33685073075,-2723.226042606899,28952.68311249094,19308.91504227382,-0.29382093006412446,-0.03030801130005374
2011-04-04,23282.324500695162,7969.671154714417,38714.84114187109,19323.25734365821,0.15743961814501328,0.04744649844631271
2011-04-05,26346.111125163327,11928.806566023686,43105.810313422124,19337.599645042596,0.3093080357571315,0.05312120100273883
2011-04-06,23880.914785552563,7986.583970231605,39932.765020964325,19351.941946426985,0.20916443196535756,0.024867524706658678
2011-04-07,29170.814172971932,13563.65309399624,44510.74945387037,19366.284247811374,0.47537168899986304,0.030896307467687997
2011-04-08,23904.07529672573,9215.794932404031,39135.06679190432,19380.626549195764,0.13643224560495631,0.0969682967380709
2011-04-09,3553.885434295799,-11969.356446082817,19805.24792041276,19394.968850580153,-0.9938950904094148,0.1771325816204148
2011-04-10,17517.374508107227,1108.8338021945483,33400.804092392544,19409.311151964543,-0.2938209300651028,0.19634520673600245
2011-04-11,24888.253423770497,9938.437268596177,40739.82159508124,19423.65345334893,0.1574396181454413,0.12389777203948239
2011-04-12,25584.032489671,9293.248966963709,40688.27977785988,19438.04512449796,0.3093080357555979,0.006875372905553553
2011-04-13,22184.148126258446,6834.816750030702,37273.509436227294,19452.436795646987,0.20916443196587314,-0.06873414247007315
2011-04-14,27695.40057770823,12686.443787582617,43943.8775619314,19466.828466796014,0.47537168899963633,-0.05267458017436241
2011-04-15,22703.203499172552,8326.067691968357,38978.15182547363,19481.22013794505,0.1364322456035912,0.028956951706068115
2011-04-16,2128.7220813941053,-12899.204967933922,18384.429019049792,19495.611809094076,-0.993895090408721,0.10308489692718714
2011-04-17,16079.548189193638,-123.10917874674631,30941.10688743891,19510.003480243107,-0.2938209300644986,0.11799034681917334
2011-04-18,24245.099735003616,8915.630783190272,39355.67855206878,19524.395151392135,0.15743961814514476,0.08434531537044654
2011-04-19,26604.907165192068,10857.890665375953,41976.86529527108,19538.786822541166,0.3093080357562389,0.052337771981372905
2011-04-20,24666.45346195889,8505.88886389186,40096.20907049791,19553.178493690193,0.20916443196638884,0.05234164337163114
2011-04-21,30074.452814654833,13590.018996088453,46012.71191806866,19567.570164839224,0.47537168900045845,0.06158218730122581
2011-04-22,6893.152721110141,-7886.98655782498,23291.90303520537,19581.961835988255,0.13643224560790657,0.031138614656170405
2011-04-23,-957.832824256163,-17666.434703058338,14809.823267815258,19596.353507137283,-0.9938950904093777,-0.054983024792376954
2011-04-24,10882.497146340396,-5052.688988417868,26560.66800200463,19610.745178286314,-0.2938209300638943,-0.15125384667687597
2011-04-25,19063.483426395822,2933.299310357606,34392.56792748501,19625.136849435345,0.15743961814557272,-0.18605870128107108
2011-04-26,23155.782560151634,7666.602041475846,38177.11615692144,19639.528520584372,0.3093080357574273,-0.13026839965405324
2011-04-27,23137.544336356197,7946.169774389337,38359.272179905965,19653.9201917334,0.20916443196502377,-0.03191612167179081
2011-04-28,29425.16539225858,13167.007626591176,45117.07010174939,19668.31186288243,0.47537168900023186,0.020698009171935747
2011-04-29,13694.196562944759,-2024.8142998453754,28948.51172710747,19682.70353403146,0.13643224560654135,-0.023014172453907578
2011-04-30,-2414.8993177080843,-17700.16710276382,13151.504739248752,19697.09520518049,-0.9938950904093712,-0.12870670912262003
2011-05-01,9861.088838893644,-7058.043331466994,24950.13736663254,19711.48687632952,-0.29382093006329,-0.2059078879217548
2011-05-02,3733.9330746207793,-11742.85459399908,19859.160132017638,19725.87854747855,0.15743961814455212,-0.18757986697041187
2011-05-03,24120.057194243538,8501.116352157633,39355.298219886,19740.27021862758,0.30930803575698096,-0.08743736594806172
2011-05-04,24224.243308190766,9149.669841218052,39767.71787901987,19754.661889776613,0.20916443196677426,0.01709008169449168
2011-05-05,30322.17048790712,14614.72484457913,45860.615058988806,19769.053920110047,0.47537168900000515,0.05844832132744525
2011-05-06,23249.71223269382,7499.793266093633,39130.595014241735,19783.44595044348,0.13643224560680725,0.03877819502791116
2011-05-07,522.5803670685509,-15046.338053473042,16613.380178042244,19797.837980776912,-0.9938950904086774,0.020290920477392893
2011-05-08,15136.110037309263,8.2903865005765,30624.63989832407,19812.23001111035,-0.29382093006426835,0.05779903999036957
2011-05-09,25727.538220259798,10464.66467665229,41360.20432894233,19826.62204144378,0.15743961814498003,0.14018627932163194
2011-05-10,29907.63059994271,14137.248295369085,45561.53200753991,19841.014071777216,0.30930803575762206,0.19805597758102686
2011-05-11,27390.56507043867,11902.595176273684,41998.294867399185,19855.40610211065,0.20916443196605494,0.17033719744292633
2011-05-12,30619.289099155332,15632.92495740142,46917.10628872015,19869.798132444088,0.47537168899977844,0.06562479697654891
2011-05-13,21784.09817187381,5823.0279042523525,37999.88563920234,19884.19016277752,0.1364322456074668,-0.0408835713319184
2011-05-14,-1317.447127001487,-17303.58960369498,14660.011750451278,19898.582193110953,-0.9938950904090025,-0.07231299990697984
2011-05-15,13747.099811345774,-2044.8526140917204,29058.489856458342,19912.974223444387,-0.29382093006388216,-0.015820128218575168
2011-05-16,24488.733952460647,9039.774181599298,41349.80586853036,19927.36625377782,0.15743961814540794,0.07146005884116247
2011-05-17,28478.60066283968,12540.652189226364,45135.36598244113,19941.758284111256,0.30930803575608845,0.11878071434827008
2011-05-18,26212.907192002403,10504.204683769309,42183.424051048874,19956.15031444469,0.20916443196468998,0.10436081107925221
2011-05-19,30764.255144839855,17053.230138976272,47451.61777698468,19970.542344778125,0.47537168899937354,0.06511001719144802
2011-05-20,23681.590734883368,7471.394129787792,39179.46064510984,19984.934375111556,0.13643224560691727,0.04853990843605434
2011-05-21,1300.7839216053421,-15277.124662250777,17602.571654123258,19999.326405444994,-0.9938950904089958,0.058936477065458084
2011-05-22,15208.449995540475,-717.5442453211875,30828.18035270912,20013.718435778428,-0.29382093006306,0.05372219700366024
2011-05-23,23051.65263278214,8658.83671034873,38688.88345584525,20028.11046611186,0.15743961814511162,-0.006474694530065439
2011-05-24,24106.993589567224,8415.901414515734,39556.06503484572,20042.502496445297,0.30930803575727683,-0.10651444279937163
2011-05-25,20644.128505131466,4059.5486822691046,36458.37909396586,20056.894526778728,0.20916443196520562,-0.17988602211124244
2011-05-26,26236.37573569641,10217.223180885401,41901.55267872983,20071.286557112162,0.47537168899914684,-0.16821204773540946
2011-05-27,21199.88578257697,5092.181938613791,36509.62174055445,20085.678587445596,0.13643224560636766,-0.08095952705814788
2011-05-28,223.88820035102228,-15108.687729519492,17061.94244586315,20100.070617779027,-0.9938950904096525,0.005033767711263001
2011-05-29,14421.230150324986,-3010.0397155223563,30244.60213830126,20114.462714246783,-0.2938209300640382,0.010779188169070114
2011-05-30,6651.551001112075,-8449.266256912664,22058.845307832427,20128.854810714533,0.15743961814481514,-0.07329626239431744
2011-05-31,22816.879301974455,8226.489448420263,36953.17507777516,20143.24690718229,0.3093080357568305,-0.17657708095535513
2011-06-01,20142.333221435347,5368.6490658482735,36888.486897147224,20157.639003650038,0.2091644319644862,-0.20992373627646024
2011-06-02,26863.38800697467,11488.944697666924,42167.41142365938,20172.03110011779,0.4753716890000581,-0.14365710489861838
2011-06-03,22328.691901735354,6347.119505519608,38026.44585586409,20186.423196585543,0.1364322456078427,-0.030308011300094327
2011-06-04,1081.7821024445832,-13362.136122062957,16647.623532380843,20200.815293053296,-0.9938950904089587,0.047446498446266465
2011-06-05,15349.41244791394,-1039.5706477206272,30798.84767839732,20215.20738952105,-0.2938209300654525,0.053121201002599025
2011-06-06,23917.599969316743,7632.931049994074,39073.37914556661,20229.5994859888,0.15743961814524304,0.0248675247066105
2011-06-07,27131.08544300038,11162.216524130852,41297.522042352386,20243.991582456554,0.3093080357563842,0.030896307467714892
2011-06-08,26460.137953691283,10013.439404961116,41638.44126155403,20258.383678924307,0.20916443196623663,0.09696829673802496
2011-06-09,33500.84854613837,17654.541824230073,49865.378792122276,20272.77577539206,0.4753716889986044,0.1771325816204733
2011-06-10,27038.279911500933,12287.364161674685,42370.422000002414,20287.167871859812,0.13643224560647754,0.19634520673597294
2011-06-11,2639.257237159488,-14035.382180656963,18528.403110100724,20301.559968327565,-0.9938950904092838,0.12389777203951276
2011-06-12,14486.379880346158,-754.5696766606096,29610.194779914862,20315.952064795314,-0.2938209300646303,0.006875372905584563
2011-06-13,22133.75701072168,6438.441405003238,37835.0265490901,20330.344161263067,0.1574396181449465,-0.06873414247007867
2011-06-14,25565.876226461052,10908.6584935232,39718.38829883002,20344.73625773082,0.3093080357564853,-0.0526745801742709
2011-06-15,25207.0721682446,9129.339411341482,39530.14315882671,20359.128354198572,0.20916443196546103,0.028956951705969965
2011-06-16,32158.717533867042,14970.845081041221,47658.97704254235,20373.520450666325,0.47537168899951565,0.10308489692720768
2011-06-17,25575.05811151425,10578.484888581095,41796.72514468161,20387.91254713408,0.13643224560592793,0.11799034681927453
2011-06-18,1845.3930447342818,-13737.573151759574,18321.501422731028,20402.30464360183,-0.993895090409609,0.08434531537049343
2011-06-19,15486.408333621146,-500.10226216542867,31889.137041114427,20416.696740069583,-0.2938209300660445,0.05233777198140166
2011-06-20,24717.148426835363,9456.466135864624,40211.16298694175,20431.08883653734,0.15743961814537458,0.05234164337178822
2011-06-21,28028.531214130413,12481.187956582962,43514.29086557195,20445.496468416794,0.3093080357571263,0.06158218730140987
2011-06-22,25376.481389194087,10570.140879621988,40378.33384190504,20459.904100296244,0.20916443196597667,0.031138614656155833
2011-06-23,29081.480291845328,13170.579913264422,44321.9994758092,20474.311732175694,0.4753716890004269,-0.05498302479232374
2011-06-24,20185.043739160486,4679.639592072473,35015.03602004629,20488.71936405515,0.13643224560456277,-0.15125384667678116
2011-06-25,-3689.6154444264776,-19514.810531881278,12169.548695470216,20503.1269959346,-0.9938950904092467,-0.1860587012810675
2011-06-26,11816.267120014205,-4917.024111353841,27869.153036326396,20517.53462781405,-0.29382093006522236,-0.13026839965396342
2011-06-27,23109.183441515324,7550.4921627684735,37859.22046190174,20531.9422596935,0.15743961814507815,-0.03191612167191507
2011-06-28,27326.76955700964,13335.359141232835,42919.84340677428,20546.349891572954,0.3093080357566801,0.020698009171896875
2011-06-29,24388.147872191417,9675.586935763726,39978.67097985157,20560.757523452405,0.20916443196525725,-0.02301417245398457
2011-06-30,27707.854369857407,11933.06832002174,43097.49878806078,20575.16515533186,0.4753716889989732,-0.12870670912263033
2011-07-01,19159.09899282936,4927.8142561999375,34087.90268587532,20589.57278721131,0.13643224560685344,-0.20590788792180487
2011-07-02,-3739.1064683996574,-20256.033245421833,11841.26219378917,20603.98041909076,-0.9938950904088845,-0.18757986697047524
2011-07-03,12757.45655612767,-3292.66803913153,28897.406635009113,20618.388050970214,-0.29382093006461807,-0.08743736594813176
2011-07-04,24233.83132022255,8802.043106947716,39483.43179587765,20632.79568284966,0.15743961814478163,0.01709008169449578
2011-07-05,28240.343589744476,11656.711193736686,44041.18571665201,20647.203314729115,0.3093080357573211,0.05844832132754553
2011-07-06,25784.505042620258,9382.253761654889,40931.011370083,20661.610946608565,0.20916443196512718,0.03877819502798131
2011-07-07,30924.347900700708,15041.657747582445,46496.87864010695,20676.01857848802,0.47537168899988447,0.02029092047732757
2011-07-08,24709.154292734664,9029.806510582255,39915.575170008706,20690.42621036747,0.1364322456054882,0.05779903999043194
2011-07-09,3028.934759018151,-12252.046139542128,19320.336674187543,20704.83384224692,-0.9938950904092094,0.14018627932171362
2011-07-10,18735.064298878024,4251.384015082475,33908.065193041635,20719.241474126375,-0.2938209300637959,0.1980559775810451
2011-07-11,27529.65858549479,13099.350935893392,42207.07646668848,20733.649106005825,0.15743961814520968,0.17033719744295406
2011-07-12,28527.184424323903,11282.742236834898,43673.922945089595,20748.05673788528,0.3093080357563348,0.06562479697658273
2011-07-13,24256.389742785992,6510.703773390031,39253.321249186134,20762.464369764726,0.20916443196564277,-0.04088357133190789
2011-07-14,29151.17079407411,14408.811393941907,44658.127550627185,20776.872001644188,0.47537168899965776,-0.07231299990693862
2011-07-15,23447.418404139797,8202.63520889713,38983.06056127187,20923.759470712004,0.13643224560412306,-0.01582012821860826
2011-07-16,1634.344064740287,-14053.606397169999,17466.465405003615,21070.64693977982,-0.9938950904085158,0.07146005884120141
2011-07-17,17503.61260895128,1249.7807139132706,32907.19951869184,21217.53440884763,-0.2938209300649922,0.11878071434852053
2011-07-18,26957.636695678113,11408.39718647593,42084.37472586362,21364.421877915447,0.1574396181449132,0.10436081107917047
2011-07-19,29565.53190903923,13289.181607412685,43791.35512491596,21511.309346983264,0.30930803575643595,0.0651100171913957
2011-07-20,27239.608140833403,11471.42161783613,42126.82925446502,21658.196816051073,0.20916443196615842,0.04853990843608119
2011-07-21,33455.71888041695,18278.158228564407,51194.45403296895,21805.08428511889,0.47537168900056903,0.0589364770655056
2011-07-22,26126.236707297652,10533.633794659812,41522.746064503706,21951.971754186696,0.1364322456064137,0.05372219700372848
2011-07-23,-8.171825314479669,-16540.54789642277,15549.588093082351,22098.859223254523,-0.9938950904091723,-0.006474694530037559
2011-07-24,13339.987395616858,-3340.5333515491925,29073.052192915984,22245.746692322333,-0.2938209300643879,-0.10651444279945561
2011-07-25,21890.00004914202,6749.827365068409,38495.24113039453,22392.63416139015,0.15743961814534113,-0.1798860221112837
2011-07-26,25719.757704418746,10090.818741041347,41653.14365738155,22539.521630457955,0.3093080357559896,-0.16821204773540566
2011-07-27,25594.91802080254,10752.984307948382,41147.38923313891,22686.409099525772,0.20916443196479334,-0.08095952705820048
2011-07-28,33802.53683485954,18748.476619241195,49602.0160442068,22833.296568593592,0.47537168900025323,0.005033767711317583
2011-07-29,26363.129878287695,10358.965147684674,42091.165093373624,22980.184037661398,0.13643224560707332,0.010779188169179582
2011-07-30,-1553.9392209207326,-16847.60603066178,12664.823113384646,23127.071506729215,-0.9938950904091659,-0.07329626239434794
2011-07-31,12325.934965043947,-3820.0370309028654,27670.80508593927,23273.958975797035,-0.29382093006378374,-0.17657708095523172
2011-08-01,22191.623973314654,6061.327440372579,37181.71994314383,23420.846444864852,0.15743961814504467,-0.20992373627646735
2011-08-02,27471.750975003844,12573.601053468026,44249.50985356675,23567.733913932658,0.309308035757178,-0.14365710489855898
2011-08-03,27956.13368102523,13158.66066961378,43653.99232475782,23714.621383000467,0.20916443196654394,-0.030308011300041626
2011-08-04,36336.73965984189,21030.66962978234,52750.51529538987,23861.508852068295,0.4753716890000266,0.04744649844633264
2011-08-05,28559.270591386357,12921.487717685124,42643.06692589339,24008.3963211361,0.13643224560733924,0.0531212010026633
2011-08-06,748.1479401164214,-14875.475736981813,16368.55744648909,24155.283790203917,-0.993895090409491,0.024867524706447236
2011-08-07,17912.532052639086,1432.4268042760268,32879.56662473742,24302.171259271727,-0.29382093006476195,0.030896307467722248
2011-08-08,30669.092780261763,15177.538813596422,45866.02280113983,24449.058728339554,0.15743961814474824,0.09696829673797898
2011-08-09,36560.41345067202,20738.15178804183,51888.19885262522,24595.94619740736,0.30930803575781907,0.17713258162025228
2011-08-10,34776.29120702577,19617.39727999028,50625.61855673024,24742.833666475177,0.20916443196582452,0.19634520673595585
2011-08-11,39805.370905856114,23659.68475908898,54236.74265199919,24889.721135542986,0.47537168899979987,0.12389777203941213
2011-08-12,28624.545359392116,13030.933430336785,43964.00263749208,25036.608604610803,0.13643224560799874,0.006875372905498632
2011-08-13,-1577.2230403025492,-17542.63877346891,15180.570481948202,25183.49607367862,-0.9938950904087972,-0.06873414247007367
2011-08-14,16553.51937255988,1162.711451128342,32308.760925325565,25330.38354274643,-0.2938209300643757,-0.05267458017435013
2011-08-15,30226.146937581292,14227.675474068135,45337.69634715486,25477.271011814257,0.15743961814517632,0.02895695170584485
2011-08-16,36191.38034435715,20538.88526306786,51204.89464589773,25624.158480882063,0.3093080357562854,0.10308489692711145
2011-08-17,34202.16678677571,18138.49985299577,48653.87632092613,25771.04594994988,0.2091644319663401,0.11799034681912206
2011-08-18,40424.641471802235,24870.818120100466,54418.33937784157,25917.93341901769,0.475371689000622,0.08434531537056864
2011-08-19,30985.077585578634,14798.799390373035,47048.95792205437,26064.820888085495,0.13643224560744913,0.052337771981363135
2011-08-20,1531.9840007399634,-14300.055935116343,18138.458153575353,26211.708357153322,-0.9938950904087906,0.05234164337151947
2011-08-21,20237.10867056581,4413.924843367232,35344.286117665855,26358.595826221128,-0.2938209300635536,0.06158218730147677
2011-08-22,31503.840494673634,15346.372718141218,46879.67620577424,26505.48329528896,0.15743961814560425,0.031138614656250438
2011-08-23,33430.735251248094,17986.91760052313,50433.96173070541,26652.370764356765,0.30930803575747384,-0.05498302479235942
2011-08-24,28351.218963012187,12989.850044948053,43959.11071662258,26799.25823342457,0.20916443196497508,-0.1512538466767605
2011-08-25,34742.01562316766,18693.446040864503,49358.36197603983,26946.14570249238,0.4753716889992574,-0.1860587012811586
2011-08-26,27260.03045442992,11226.276306398004,43386.836981293316,27093.033171560208,0.13643224560689945,-0.1302683996538736
2011-08-27,-703.0953687318726,-17059.155874292785,15366.574032718856,27239.920640628014,-0.9938950904094473,-0.0319161216718103
2011-08-28,19906.8430848938,5220.35802440337,35974.52967237971,27386.808109695823,-0.2938209300629493,0.02069800917192839
2011-08-29,31234.924878449216,15750.299750631446,46900.205372784745,27533.69557876365,0.15743961814458352,-0.023014172453948774
2011-08-30,32679.73306828556,16639.22387501389,49228.70129450007,27680.583047831456,0.3093080357570275,-0.12870670912255325
2011-08-31,27918.09190022722,12685.184116666425,43056.95956796617,27827.470516899284,0.20916443196425577,-0.20590788792181747
2011-09-01,36025.1494408552,20459.819803001083,51420.14071776658,27974.35798596709,0.47537168900007953,-0.18757986697053858
2011-09-02,29499.04249194672,14192.61319381631,45218.20227602467,28121.245455034918,0.13643224560634987,-0.08743736594801982
2011-09-03,655.6790968381625,-16542.472509281488,15645.769179329676,28268.132924102727,-0.9938950904087536,0.01709008169447443
2011-09-04,21726.90291593115,6544.543989111793,37529.2047217047,28415.020393170533,-0.2938209300639276,0.05844832132749842
2011-09-05,34166.26296301333,18991.210307217272,50290.9015606385,28561.907862238342,0.15743961814501148,0.0387781950279137
2011-09-06,38171.1843072372,22001.070649249414,54856.86054205713,28708.79533130617,0.3093080357565812,0.020290920477313956
2011-09-07,36559.096066433354,19895.161761963325,52194.272720807014,28855.682800373976,0.2091644319660062,0.05779903999035805
2011-09-08,46855.33350056616,29647.20531137598,62268.838258828044,29002.570269441785,0.4753716889986258,0.14018627932167607
2011-09-09,38899.608064361935,23156.633079069547,54741.806867553,29149.457738509613,0.13643224560700953,0.19805597758114624
2011-09-10,5169.108876816933,-11055.484045073266,19330.27107640181,29296.34520757742,-0.9938950904090785,0.17033719744296064
2011-09-11,22724.400834207696,6545.277031312174,37028.61714024788,29443.232676645224,-0.2938209300653418,0.06562479697676965
2011-09-12,33039.027574614134,17111.175166455683,48870.912329620136,29590.120145713052,0.1574396181447149,-0.040883571331881904
2011-09-13,36784.53080049312,21900.869778006127,52087.21591446216,29737.00761478086,0.30930803575613486,-0.07231299990695719
2011-09-14,35661.775972058094,19644.453840382273,51547.80259619011,29883.89508384869,0.2091644319646413,-0.015820128218501664
2011-09-15,46452.567865351506,30348.170127353256,61613.828608674216,30030.782552916495,0.4753716889995371,0.07146005884115242
2011-09-16,37879.40251283554,22809.852355236835,53309.40028434816,30177.670021984304,0.1364322456064598,0.11878071434838616
2011-09-17,3349.824097240732,-11497.863200001135,19783.631222955442,30324.55749105211,-0.9938950904094036,0.1043608110791667
2011-09-18,23502.29296672208,6944.399789982916,39388.99743137661,30471.444960119938,-0.29382093006473764,0.0651100171914275
2011-09-19,36925.082047659205,20954.331660520318,52857.0206067051,30618.332429187747,0.157439618145143,0.048539908436108004
2011-09-20,42094.34331157814,26487.393292980225,57508.330275355176,30765.219898255553,0.30930803575732324,0.05893647706557928
2011-09-21,39038.48706743857,24131.637686869442,56154.41926502498,30912.10736732338,0.20916443196515694,0.053722197003576264
2011-09-22,45622.46416640937,29728.186764067927,60058.961691555065,31058.994836391186,0.47537168899931037,-0.006474694530111763
2011-09-23,32139.493738655823,17211.403589913243,48464.26344842186,31205.882305459014,0.13643224560509468,-0.10651444279926002
2011-09-24,-5448.519212035912,-20788.6681536069,10572.393056595822,31352.769774526823,-0.9938950904097288,-0.17988602211139412
2011-09-25,16945.776807613176,523.2363921363981,33341.762995758436,31499.65724359463,-0.2938209300659339,-0.1682120477354656
2011-09-26,34066.87533486441,19988.51256378711,50658.065637823136,31646.544712662457,0.15743961814484647,-0.08095952705820325
2011-09-27,41787.436992178555,25459.519691921734,57273.47876421885,31793.432181730266,0.3093080357568771,0.005033767711300513
2011-09-28,38965.38918303731,23011.256029162832,56495.64021738608,31940.319650798072,0.20916443196502682,0.010779188169147733
2011-09-29,44988.684611137425,29744.823241270144,60612.95264749268,32087.207119865878,0.4753716889990837,-0.07329626239444262
2011-09-30,30940.06216907133,14820.19466014007,46873.47631932065,32234.09458893371,0.13643224560738526,-0.17657708095531635
2011-10-01,-6599.853769983806,-22522.627905334284,9503.26551427748,32380.982058001515,-0.9938950904090349,-0.20992373627639443
2011-10-02,18297.64108481245,1996.1872196374225,33949.39649095388,32527.869527069342,-0.29382093006511173,-0.1436571048985569
2011-10-03,36828.75135633191,20650.285182154057,52904.84296988552,32674.75699613715,0.15743961814527443,-0.030308011300092752
2011-10-04,44530.91494819396,29166.269471208754,60067.59912615012,32821.644465204954,0.3093080357575181,0.04744649844634545
2011-10-05,41615.70420067038,26630.849206545852,56566.76515585481,32968.53193427278,0.2091644319648967,0.05312120100283438
2011-10-06,49681.05076718811,34754.438873915744,65710.02799611332,33115.419403340595,0.4753716889987679,0.02486752470650755
2011-10-07,38828.04055326357,23445.247356754684,54147.539295424416,33262.30687240842,0.1364322456060202,0.03089630746772959
2011-10-08,3443.592781634675,-11890.49884097842,19882.56082956376,33409.19434147623,-0.99389509040936,0.0969682967380617
2011-10-09,29640.478043822415,14125.077543537496,44254.690256638765,33556.081810544034,-0.29382093006428955,0.17713258162036452
2011-10-10,45626.568364194805,30969.235491591036,62686.435193644866,33702.96927961184,0.15743961814570231,0.19634520673606226
2011-10-11,48513.81128527317,32349.533421259835,63287.69910322748,33849.856748679646,0.30930803575653176,0.12389777203955324
2011-10-12,41341.39420479986,25278.911771014224,57491.200996931984,33996.74421774747,0.20916443196541235,0.006875372905614671
2011-10-13,48027.71430555252,32580.00156895465,63619.13633483166,34143.631686815286,0.4753716889996792,-0.06873414247006865
2011-10-14,37162.61298680159,21062.824095986656,52292.596003841616,34290.519155883114,0.1364322456054706,-0.05267458017433273
2011-10-15,1207.4395745098204,-14537.86979574795,17067.30312333026,34437.40662495092,-0.9938950904089977,0.028956951705922315
2011-10-16,27987.823029639894,11127.524444283514,43623.957035563806,34584.29409401875,-0.29382093006548576,0.10308489692726147
2011-10-17,44297.189684186065,29271.13407307342,59174.900593415216,34731.18156308655,0.15743961814540597,0.11799034681917739
2011-10-18,48607.93778752293,31653.763864984267,64242.717744026755,34878.06903215436,0.30930803575717275,0.08434531537046291
2011-10-19,44184.0598194508,29177.605115564504,59581.44224969458,35024.95650122219,0.209164431965928,0.05233777198139186
2011-10-20,53732.49495752916,38382.25708816041,69302.18157714869,35171.84397029,0.47537168900059046,0.05234164337167656
2011-10-21,42312.35001629346,26462.416631952587,56754.627167946004,35318.731439357805,0.13643224560492093,0.06158218730141632
2011-10-22,1320.8646377573295,-14092.052491556211,16718.65000380068,35465.61890842561,-0.993895090408967,0.031138614656150886
2011-10-23,23190.723310642523,7788.7175178224725,39011.960083573795,35612.50637749344,-0.2938209300648815,-0.054983024792429294
2011-10-24,35980.59328474017,18858.033785976524,49306.29345559637,35759.393846561245,0.15743961814510954,-0.15125384667683286
2011-10-25,40331.706591256654,26143.71714779746,56090.15287002106,35906.28131562905,0.3093080357561866,-0.18605870128106966
2011-10-26,38897.620754055926,23920.192885529184,54864.88916985283,36053.16878469688,0.20916443196520856,-0.13026839965399586
2011-10-27,52253.17273709922,36760.42332004452,69224.73988075084,36200.05625376469,0.47537168900027466,-0.03191612167183812
2011-10-28,42058.14825041233,25363.059232293585,57223.717570880464,36346.94372283252,0.13643224560639594,0.02069800917186565
2011-10-29,-617.0837845008709,-16097.107036355528,15290.953487735207,36493.831191900324,-0.9938950904089605,-0.02301417245401422
2011-10-30,21159.002307036706,4917.672761152577,36472.562860738195,36640.71866096813,-0.29382093006427734,-0.12870670912265447
2011-10-31,35004.57451167473,20157.998997739818,50881.4830973611,36787.60613003596,0.157439618144813,-0.2059078879218301
2011-11-01,41430.46186999301,25860.91370308963,56240.120969537966,36934.493599103764,0.309308035757375,-0.18757986697050583
2011-11-02,41595.18878950886,24661.319833094087,57535.556804218446,37081.38106817157,0.2091644319663135,-0.08743736594795344
2011-11-03,55561.76758098313,40867.206843737426,72320.40719480085,37228.26853723938,0.47537168900004795,0.01709008169457281
2011-11-04,44658.84759800646,28743.58936132229,60111.91020831056,37375.15600630721,0.13643224560503084,0.05844832132745501
2011-11-05,1684.1058028082316,-13678.915240403898,17016.243400723633,37522.043475375016,-0.9938950904092856,0.038778195027867376
2011-11-06,27365.347902114987,11415.605535971585,43622.74754271133,37668.93094444284,-0.2938209300634552,0.02029092047745419
2011-11-07,45955.24442510784,30027.585902498133,63481.625694739065,37815.81841351065,0.1574396181445167,0.05779903999038631
2011-11-08,55026.72636179571,39671.64947854308,69965.426601171,37962.70588257848,0.30930803575692867,0.1401862793215994
2011-11-09,53628.59756396327,37821.29610301663,68875.08023463353,38109.59335164628,0.2091644319655941,0.1980559775811424
2011-11-10,62959.03045067727,48214.628130841105,78536.14642153992,38256.48082071409,0.4753716889998213,0.1703371974429672
2011-11-11,46163.03931168289,30895.803538105225,60281.51605306693,38403.3682897819,0.13643224560732148,0.06562479697676957
2011-11-12,-1340.7263050453732,-16766.43835649413,14264.273939976749,38550.25575884973,-0.9938950904085918,-0.0408835713318714
2011-11-13,24528.806099199028,6964.415499040313,40660.5043900943,38697.143227917535,-0.2938209300648695,-0.07231299990691595
2011-11-14,44345.10251097821,27999.840355482364,60187.44108806987,38844.03069698534,0.15743961814494462,-0.015820128218534783
2011-11-15,53837.41578275315,38432.6464622561,69350.23577752635,38990.91816605317,0.30930803575648247,0.07146005884114234
2011-11-16,51972.85903055799,36437.704336599025,68366.68658808172,39137.805635120974,0.20916443196610973,0.11878071434835982
2011-11-17,62059.306452356424,46692.02668982949,78901.74117560351,39284.69310418879,0.47537168900073257,0.10436081107928621
2011-11-18,47378.71054774862,32231.221270180547,62909.86627084128,39431.580573256615,0.1364322456079811,0.06511001719144426
2011-11-19,2162.758183964069,-13572.657106332832,19103.104149167677,39578.46804232442,-0.9938950904089169,0.048539908436013385
2011-11-20,30394.48711193662,14764.197223370853,45785.2826778758,39725.35551139225,-0.2938209300640472,0.05893647706576592
2011-11-21,48291.738182276524,33520.92851665725,64694.722046301176,39872.242980460054,0.1574396181453725,0.05372219700364117
2011-11-22,52138.257436512955,36351.20136418774,68072.72624881934,40019.13044952786,0.3093080357560361,-0.006474694530150593
2011-11-23,44289.059222756856,28608.393494347056,60165.18976195469,40166.017918595666,0.20916443196474477,-0.10651444279934248
2011-11-24,52224.79112032733,35435.64867824494,68685.60132700794,40312.90538766349,0.47537168899927884,-0.17988602211134722
2011-11-25,39173.98864563821,23874.54115217715,55445.01504624397,40459.79285673131,0.136432245608247,-0.16821204773541437
2011-11-26,-3039.5975224060785,-18749.721493951205,12622.582666400169,40606.68032579911,-0.993895090409242,-0.08095952705809384
2011-11-27,28984.46059565985,12727.913708475904,45139.42206503345,40753.56779486694,-0.293820930063443,0.0050337677112561666
2011-11-28,47780.681026111546,31759.179775119075,62681.27018571812,40900.455263934746,0.1574396181443519,0.010779188169123363
2011-11-29,50734.99888325565,35693.29809153843,67397.51159967693,41047.34273300257,0.30930803575722454,-0.07329626239426629
2011-11-30,42536.64104124578,27982.632960004186,58939.481602723594,41194.23020207038,0.2091644319652603,-0.17657708095541128
2011-12-01,52315.032720255076,35678.53713360501,67617.88274169984,41341.11767113821,0.4753716890001901,-0.20992373627640157
2011-12-02,41188.26014077819,25271.23721181308,56223.10353298757,41488.00514020601,0.1364322456068818,-0.14365710489849748
2011-12-03,-1007.6935404903172,-17430.730363620158,13557.96585488451,41634.892609273826,-0.9938950904095669,-0.030308011300028075
2011-12-04,31487.817759549303,16175.558376308629,48120.32377857549,41781.78007834163,-0.2938209300644212,0.04744649844635824
2011-12-05,50757.20213195267,35664.578311346086,67207.33667989272,41928.66754740944,0.15743961814477986,0.05312120100266054
2011-12-06,56136.177195859746,40695.18985971052,71231.4356453728,42075.555016477265,0.30930803575569094,0.02486752470634429
2011-12-07,52358.3932493114,37487.1940520557,68154.06070601099,42222.44248554507,0.20916443196577578,0.03089630746767577
2011-12-08,66618.99165650496,49391.3675186623,83109.00640577926,42369.3299546129,0.4753716889987364,0.0969682967378547
2011-12-09,55847.80779452034,40849.75159749051,72049.89928170734,42516.21742368071,0.1364322456075414,0.17713258162034345
2011-12-10,8637.150548410837,-5833.208288611319,24301.42249090809,42663.10489274852,-0.9938950904088731,0.19634520673594102
2011-12-11,35535.58326469798,20316.405059386532,51303.93642778575,42809.99236181632,-0.29382093006381704,0.12389777203946223
2011-12-12,50015.3391558337,34151.47243433266,65415.88307134564,42956.87983088415,0.15743961814448335,0.00687537290556068
2011-12-13,53473.40841460751,37225.05565694637,68089.86164448057,43103.76729995198,0.3093080357563319,-0.06873414247004636
2011-12-14,50018.94332372543,34234.84971966084,66222.43820636926,43250.654769019784,0.20916443196629142,-0.052674580174411956
2011-12-15,65284.16572497963,50872.51005444419,80797.90102011486,43397.54223808759,0.4753716889995585,0.028956951705891
2011-12-16,53974.067083897826,39432.628411888785,68521.37292871634,43544.42970715542,0.13643224560699174,0.10308489692728201
2011-12-17,5421.885207855891,-10830.984592118195,20566.971851825576,43691.31717622323,-0.9938950904095298,0.11799034681911401
2011-12-18,34655.169780194185,19172.31980194634,49065.757177384,43838.204645291036,-0.29382093006321286,0.08434531537050977
2011-12-19,53212.169942605324,36404.20733934092,68243.08372980966,43985.09211435884,0.15743961814563565,0.05233777198137783
2011-12-20,60092.295839111765,45003.92457810799,75648.5814572337,44131.97958342665,0.30930803575752036,0.05234164337173551
2011-12-21,56267.22061189508,40878.451490073414,72578.90411491113,44278.8670524945,0.20916443196492646,0.06158218730127736
2011-12-22,66927.85693440211,51179.15818989291,81899.56672479665,44425.7545215623,0.4753716889993318,0.03113861465613634
2011-12-23,48203.048950359276,32801.83239368909,63897.081997241236,44572.64199063011,0.1364322456056266,-0.05498302479227804
2011-12-24,-6490.99216808039,-21444.89160886575,8958.298700649222,44719.52945969792,-0.9938950904095234,-0.15125384667690528
2011-12-25,9763.458097648618,-5186.417626915055,24250.806764085177,44866.41692876573,-0.2938209300664275,-0.18605870128106605
2011-12-26,31417.920247961167,15666.140455573852,47222.219304782644,45013.304397833555,0.1574396181446149,-0.13026839965390605
2011-12-27,29366.127122165326,12568.161632417368,44872.09652893513,45160.19186690136,0.309308035757074,-0.03191612167190598
2011-12-28,55721.47519299271,39392.65476778485,71859.20487474644,45307.07933596917,0.209164431966677,0.020698009171866677
2011-12-29,66015.41034608494,49688.78615818809,82174.94052507625,45453.96680503697,0.4753716889991051,-0.02301417245404834
2011-12-30,45953.14533746577,30588.319273414112,61424.543507894734,45600.85427410482,0.13643224560589248,-0.12870670912266477
2011-12-31,-9140.535052184678,-24818.77993274758,6338.386106068459,45747.741743172635,-0.9938950904088296,-0.20590788792176315
2012-01-01,8250.934281068796,-6809.182977431139,25231.126232963197,45894.62921224044,-0.2938209300656054,-0.18757986697056916
2012-01-02,20123.844168409083,4678.93019904384,36721.88141317493,46041.51668130825,0.15743961814504284,-0.08743736594808299
2012-01-03,61264.21231318443,45939.75573091035,77457.04857672563,46188.40415037605,0.3093080357577151,0.017090081694576917
2012-01-04,58735.20658437427,42502.77243515243,74324.60177304488,46335.29161944388,0.20916443196595758,0.058448321327407904
2012-01-05,70380.98607617311,53949.2261431022,86337.21238843485,46482.179088511686,0.47537168899878934,0.038778195027799764
2012-01-06,53936.92150002219,37969.213933042556,71092.2038869552,46629.066557579514,0.136432245606552,0.020290920477388882
2012-01-07,2989.1682077294236,-13721.312797315199,18365.522836412834,46775.95402664733,-0.9938950904091546,0.05779903999031244
2012-01-08,39713.86713063893,24378.70611684498,55519.30578823994,46922.841495715154,-0.2938209300650012,0.1401862793217266
